{"name":"t:sections.footer.name","type":"footer","sections":{"footer":{"type":"footer","blocks":{"judge_me_reviews_verified_badge_4wMfgM":{"type":"shopify:\/\/apps\/judge-me-reviews\/blocks\/verified_badge\/61ccd3b1-a9f2-4160-9fe9-4fec8413e5d8","settings":{}},"brand_information_dHY6Qg":{"type":"brand_information","settings":{"show_brand_description":true,"show_copyright":false,"show_social":false,"text_alignment":"start","social_icons_alignment":"flex-start","social_background_color":"#ffffff","social_hover_background_color":"#17392b","social_icon_color":"#17392b","social_icon_color_hover":"#ffffff","social_icon_size":18}},"link_list_8CQjix":{"type":"link_list","settings":{"heading":"SHOP","menu":"main-menu","heading_color":"#ffffff"}},"email_signup_xJy8qe":{"type":"email_signup","settings":{"heading":"Newsletter","subtext":"<p>Receive updates on news and more.<\/p>","button_label":"Subscribe","button_type":"inside","footer_newsletter_heading_font_size_desktop":22,"footer_newsletter_heading_font_size_mobile":18,"footer_newsletter_text_font_size_desktop":14,"footer_newsletter_text_font_size_mobile":12,"footer_newsletter_input_font_size_desktop":14,"footer_newsletter_button_font_size_desktop":14,"heading_color":"#ffffff","email_color":"#ffffff","newsletter_button_background_color":"#ffffff","newsletter_button_text_color":"#1d1a2d","newsletter_button_border_radius":6,"newsletter_input_background_color":"#ffffff","newsletter_input_background_color_opacity":20}},"link_list_dTBDYn":{"type":"link_list","settings":{"heading":"INFORMATION","menu":"footer","heading_color":"#ffffff"}},"contact_list_iT4LHE":{"type":"contact_list","settings":{"heading":"CONTACTS","address":"","tel":"","email":"support@simplinova.store","text_color":"#ffffff","heading_color":"#ffffff"}}},"block_order":["judge_me_reviews_verified_badge_4wMfgM","brand_information_dHY6Qg","link_list_8CQjix","email_signup_xJy8qe","link_list_dTBDYn","contact_list_iT4LHE"],"settings":{"branding_text":"","enable_country_selector":true,"enable_language_selector":true,"show_policy":true,"enable_payment_icons":true,"policy_link_size":12,"enable_follow_on_shop":false,"payment_icon_size":45,"footer_menu_heading_font_size_desktop":16,"footer_menu_heading_font_size_mobile":14,"footer_menu_font_size_desktop":14,"footer_menu_font_size_mobile":14,"footer_copyright_font_size_desktop":14,"footer_copyright_font_size_mobile":12,"footer_brand_font_size_desktop":14,"footer_brand_font_size_mobile":12,"copy_color":"#ffffff","brand_color_heading":"#ffffff","brand_color_text":"#ffffff","footer_line_seperator_width":1,"footer_line_seperator_color":"#ffffff","footer_line_seperator_opacity":10,"localization_svg_color":"#ffffff","menu_arrow_svg_color":"#ffffff","color_scheme":"accent-2","footer_use_custom_background":true,"footer_custom_background_color":"#e52d87","footer_custom_background_color_opacity":100,"footer_use_gradient_background":false,"footer_gradient_background_color":"linear-gradient(180deg, rgba(251, 51, 166, 1), rgba(127, 72, 176, 1) 50%, rgba(48, 145, 211, 1) 100%)","padding_bottom":12}}},"order":["footer"]}