{"name":"t:sections.header.name","type":"header","sections":{"announcement-bar":{"type":"announcement-bar","blocks":{"announcement_p7FBAa":{"type":"announcement","settings":{"text":"Free shipping on all orders |                                      Fast worldwide delivery","link":""}},"announcement_LtHNz9":{"type":"announcement","settings":{"text":"Free shipping on orders |                          Fast worldwide delivery","link":""}}},"block_order":["announcement_p7FBAa","announcement_LtHNz9"],"disabled":true,"settings":{"background_color":"#1e1e1e","text_color":"#ffffff","autoplay_delay":5,"transition_speed":1000,"font_size":16,"mobile_font_size":14,"font_weight":"normal","padding_top":10,"padding_bottom":10}},"header":{"type":"header","settings":{"sticky_header_type":"always","show_line_separator":true,"remove_search":false,"logo_position":"middle-center","menu":"main-menu","secondary_menu":"","mobile_logo_position":"center","menu_item_color":"#100f0f","menu_item_font_size_desktop":14,"color_scheme":"custom-color-1","padding_top":0,"padding_bottom":0}},"horizontal_scrolling_text_VY6Y6z":{"type":"horizontal-scrolling-text","blocks":{"text_AqbTW4":{"type":"text","settings":{"title":"🔥 Limited Stock Available – Shop Now"}},"text_xxbQ9U":{"type":"text","settings":{"title":"⭐ Trusted by 12,000+ Happy Customers"}},"text_VgRGMh":{"type":"text","settings":{"title":"🔥 Limited Stock Available – Shop Now"}},"text_7TjJGc":{"type":"text","settings":{"title":"🔥 Limited Stock Available – Shop Now"}},"text_ykQENz":{"type":"text","settings":{"title":"⭐ Trusted by 12,000+ Happy Customers"}},"text_wgWq7C":{"type":"text","settings":{"title":"🔥 Limited Stock Available – Shop Now"}}},"block_order":["text_AqbTW4","text_xxbQ9U","text_VgRGMh","text_7TjJGc","text_ykQENz","text_wgWq7C"],"name":"t:sections.horizontal-scrolling-text.presets.name","settings":{"speed":1,"text_size":14,"text_spacing":3,"text_color":"#ffffff","highlighted_text_color":"#ffffff","color_scheme":"custom-color-2","padding_top":8,"padding_bottom":8}}},"order":["horizontal_scrolling_text_VY6Y6z","announcement-bar","header"]}