{"current":{"logo_width":100,"favicon":"shopify:\/\/shop_images\/favicon_16beb648-3848-4216-8f43-758150dbd6cc.png","brand_headline":"","brand_description":"© 2025 SimpliNova","social_facebook_link":"#","social_instagram_link":"#","social_youtube_link":"#","social_tiktok_link":"#","social_twitter_link":"#dsfsd","social_snapchat_link":"#","social_pinterest_link":"#","social_tumblr_link":"#","social_vimeo_link":"#","colors_accent_1":"rgb(255,255,255)","gradient_background_1":"linear-gradient(180deg, rgba(229,45,135, 1) 0%, rgba(86,42,115, 1) 100%)","colors_accent_2":"rgb(249, 249, 249)","colors_accent_3":"rgb(229,45,135)","colors_navigation_links":"#000000","colors_custom_color_1":"#ffffff","colors_custom_color_2":"rgb(229,45,135)","colors_custom_color_3":"rgb(229,45,135)","colors_custom_color_4":"#ffffff","colors_custom_color_5":"#ffffff","colors_solid_button_labels":"#ffffff","colors_outline_button_labels":"#302f2f","enable_global_color":false,"colors_heading":"#383838","colors_text":"#302f2f","global_heading_text_transform":"none","type_header_font":"inter_n4","enable_global_heading_font_size":false,"heading_font_size":35,"type_body_font":"inter_n3","enable_global_body_font_size":false,"body_font_size":16,"type_button_font":"inter_n4","buttons_border_thickness":2,"buttons_border_opacity":100,"buttons_radius":10,"buttons_shadow_opacity":0,"buttons_shadow_horizontal_offset":4,"buttons_shadow_vertical_offset":4,"buttons_shadow_blur":5,"text_with_arrow":false,"subtle_scale":false,"subtle_glow":true,"animation_button_hover_color":"#1e1e1e","variant_pills_border_thickness":1,"variant_pills_border_opacity":55,"variant_pills_radius":4,"variant_pills_shadow_opacity":0,"variant_pills_shadow_horizontal_offset":0,"variant_pills_shadow_vertical_offset":4,"variant_pills_shadow_blur":5,"inputs_border_thickness":2,"inputs_border_opacity":55,"inputs_radius":5,"inputs_shadow_opacity":0,"inputs_shadow_horizontal_offset":0,"inputs_shadow_vertical_offset":0,"inputs_shadow_blur":5,"badge_position":"bottom left","badge_corner_radius":2,"sale_badge_text_html":"[percentage] off | Save [amount]","sale_badge_background_color":"rgb(229,45,135)","sale_badge_has_gradient":true,"sale_badge_background_gradient":"linear-gradient(160deg, rgba(229, 45, 135, 1), rgba(86, 42, 115, 1) 100%)","page_width":1600,"spacing_sections":0,"spacing_grid_horizontal":28,"spacing_grid_vertical":24,"card_text_alignment":"left","product_card_use_slider_images":true,"card_cta_type":"quick_view","card_title_text_color":"#1d1a2d","card_price_text_color":"#1d1a2d","card_compare_at_price_text_color":"#1d1a2d","card_vendor_text_color":"#1d1a2d","card_stock_indicator_text_color":"#1d1a2d","card_background_color":"#f9f9f9","card_background_color_opacity":100,"card_custom_badge":true,"card_badge_bg_type":"color","card_badge_background_gradient":"linear-gradient(135deg, rgba(74, 108, 247, 1), rgba(140, 107, 247, 1) 100%)","card_badge_corner_radius":100,"card_border_color":"#000000","card_border_thickness":0,"card_border_opacity":5,"card_shadow_opacity":0,"card_shadow_horizontal_offset":10,"card_shadow_vertical_offset":10,"card_shadow_blur":35,"collection_card_style":"card","collection_card_image_padding":0,"collection_card_text_alignment":"center","collection_card_color_scheme":"background-1","collection_card_border_thickness":0,"collection_card_border_opacity":10,"collection_card_corner_radius":12,"collection_card_shadow_opacity":5,"collection_card_shadow_horizontal_offset":10,"collection_card_shadow_vertical_offset":10,"collection_card_shadow_blur":35,"blog_card_image_padding":0,"blog_card_text_alignment":"left","blog_card_content_padding_top":30,"blog_card_content_padding_right":10,"blog_card_content_padding_mobile_top":20,"blog_card_content_padding_mobile_bottom":10,"blog_card_content_padding_mobile_right":10,"blog_card_excerpt_font_size":14,"blog_card_author_font_size":14,"blog_card_author_color":"#555555","blog_card_date_color":"#555555","blog_card_tags_color":"#555555","blog_card_color_scheme":"accent-1","blog_card_has_custom_color":false,"blog_card_border_thickness":0,"blog_card_border_opacity":10,"blog_card_corner_radius":12,"blog_card_shadow_opacity":0,"blog_card_shadow_horizontal_offset":10,"blog_card_shadow_vertical_offset":10,"blog_card_shadow_blur":35,"text_boxes_shadow_opacity":0,"text_boxes_shadow_horizontal_offset":10,"text_boxes_shadow_vertical_offset":12,"text_boxes_shadow_blur":20,"media_border_thickness":0,"media_border_opacity":10,"media_radius":12,"media_shadow_opacity":0,"media_shadow_horizontal_offset":0,"media_shadow_vertical_offset":0,"media_shadow_blur":20,"popup_border_thickness":1,"popup_border_opacity":10,"popup_corner_radius":22,"popup_shadow_opacity":10,"popup_shadow_horizontal_offset":10,"popup_shadow_vertical_offset":12,"popup_shadow_blur":20,"drawer_border_thickness":1,"drawer_border_opacity":10,"drawer_shadow_opacity":0,"drawer_shadow_horizontal_offset":0,"drawer_shadow_vertical_offset":4,"drawer_shadow_blur":5,"cart_type":"drawer","show_vendor":false,"show_cart_note":false,"show_cart_payment_badges":true,"cart_payment__items":"","currency_code_enabled":false,"pagination_background_color":"#ffffff","pagination_gradient_background":"linear-gradient(180deg, rgba(86,42,115, 1) 0%, rgba(86,42,115, 1) 100%)","pagination_gradient_active_background":"linear-gradient(180deg, rgba(86,42,115, 1) 0%, rgba(86,42,115, 1) 100%)","sale_badge_background_opacity":"linear-gradient(160.21deg, rgba(229,45,135, 1) 0%, rgba(86,42,115, 1) 100%)","blog_card_style":"card","card_border_width":1,"card_style":"card","card_image_padding":0,"card_color_scheme":"accent-1","card_corner_radius":12,"accent_icons":"text","brand_image_width":100,"predictive_search_enabled":false,"predictive_search_show_vendor":false,"predictive_search_show_price":true,"fav_collection":"","cart_trust_badges_width":100,"cart_drawer_collection":"","enable_cart_discount":false,"enable_cart_progress_bar":false,"cart_progress_message":"Spend [amount] more to get FREE shipping!","cart_progress_success_message":"Congrats! You get FREE shipping! 🎉","cart_progress_icon":"truck","brand":"The Leather Boutique","text_boxes_border_thickness":0,"text_boxes_border_opacity":10,"text_boxes_radius":12,"heading_scale":110,"body_scale":100,"gradient_accent_1":"","gradient_accent_2":"linear-gradient(180deg, rgba(240, 69, 87, 1), rgba(221, 39, 57, 1) 100%)","gradient_background_2":"","gradient_accent_3":"","checkout_logo_image":"shopify:\/\/shop_images\/Logo.png","checkout_logo_position":"left","checkout_logo_size":"small","checkout_body_background_color":"#f2f8f4","checkout_sidebar_background_color":"#7ea68c","checkout_heading_font":"Open Sans","checkout_body_font":"Open Sans","checkout_accent_color":"#7ea68c","checkout_button_color":"#ffffff","checkout_error_color":"#ffffff","checkout_layout":"onepage","sections":{"main-password-header":{"type":"main-password-header","settings":{"color_scheme":"background-1"}},"main-password-footer":{"type":"main-password-footer","settings":{"color_scheme":"background-1"}},"scroll-to-top-button":{"type":"scroll-to-top-button","settings":{"enable_scroll_button":true,"display_after":400,"position":"bottom_right","offset_x":20,"offset_y":100,"button_size":40,"color_scheme":"accent-1","arrow_color":"#000000"}}},"content_for_index":[],"blocks":{"14060646107696862457":{"type":"shopify:\/\/apps\/judge-me-reviews\/blocks\/judgeme_core\/61ccd3b1-a9f2-4160-9fe9-4fec8413e5d8","disabled":false,"settings":{}},"12994730151769110984":{"type":"shopify:\/\/apps\/atlas-ai-store-builder\/blocks\/atlas-cart-upsells-app-embed\/ff382ac5-0af5-4ea9-a13a-234e8976ca8b","disabled":false,"settings":{}},"15683396631634586217":{"type":"shopify:\/\/apps\/inbox\/blocks\/chat\/841fc607-4181-4ad1-842d-e24d7f8bad6b","disabled":false,"settings":{"button_color":"#783c3c","secondary_color":"#FFFFFF","ternary_color":"#6A6A6A","button_icon":"hand_wave","button_text":"chat_with_us","button_horizontal_position":"bottom_right","button_vertical_position":"lowest","greeting_message":""}},"pagefly-page-builder":{"type":"shopify:\/\/apps\/pagefly-page-builder\/blocks\/app-embed\/83e179f7-59a0-4589-8c66-c0dddf959200","disabled":false,"settings":{}}}},"presets":{"Default":{"fav_collection":"","logo":"","logo_width":100,"colors_accent_1":"#ffffff","colors_accent_2":"#E9E9E9","colors_accent_3":"#9b9b9b","enable_global_color":false,"colors_navigation_links":"#000000","colors_heading":"#383838","colors_text":"#302f2f","colors_custom_color_1":"#ffffff","colors_custom_color_2":"#ffffff","colors_custom_color_3":"#ffffff","colors_custom_color_4":"#ffffff","colors_custom_color_5":"#ffffff","colors_solid_button_labels":"#ffffff","colors_outline_button_labels":"#302f2f","":"#ffffff","gradient_accent_1":"","gradient_accent_2":"linear-gradient(180deg, rgba(240, 69, 87, 1), rgba(221, 39, 57, 1) 100%)","gradient_accent_3":"","gradient_background_1":"","gradient_background_2":"","global_heading_text_transform":"none","type_header_font":"poppins_n6","heading_font_size":40,"heading_scale":110,"type_body_font":"poppins_n4","enable_global_body_font_size":false,"body_font_size":16,"body_scale":100,"type_button_font":"poppins_n4","page_width":1400,"spacing_sections":0,"spacing_grid_horizontal":40,"spacing_grid_vertical":40,"buttons_border_thickness":2,"buttons_border_opacity":100,"buttons_radius":10,"buttons_shadow_opacity":0,"buttons_shadow_horizontal_offset":4,"buttons_shadow_vertical_offset":4,"buttons_shadow_blur":5,"variant_pills_border_thickness":1,"variant_pills_border_opacity":55,"variant_pills_radius":4,"variant_pills_shadow_opacity":0,"variant_pills_shadow_horizontal_offset":0,"variant_pills_shadow_vertical_offset":4,"variant_pills_shadow_blur":5,"inputs_border_thickness":2,"inputs_border_opacity":55,"inputs_radius":5,"inputs_shadow_opacity":0,"inputs_shadow_horizontal_offset":0,"inputs_shadow_vertical_offset":0,"inputs_shadow_blur":5,"card_style":"card","card_image_padding":0,"card_text_alignment":"center","card_color_scheme":"background-1","card_border_thickness":0,"card_border_opacity":10,"card_corner_radius":12,"card_shadow_opacity":5,"card_shadow_horizontal_offset":10,"card_shadow_vertical_offset":10,"card_shadow_blur":35,"collection_card_style":"card","collection_card_image_padding":0,"collection_card_text_alignment":"center","collection_card_color_scheme":"background-1","collection_card_border_thickness":0,"collection_card_border_opacity":10,"collection_card_corner_radius":12,"collection_card_shadow_opacity":5,"collection_card_shadow_horizontal_offset":10,"collection_card_shadow_vertical_offset":10,"collection_card_shadow_blur":35,"blog_card_style":"card","blog_card_image_padding":0,"blog_card_text_alignment":"center","blog_card_color_scheme":"background-1","blog_card_border_thickness":0,"blog_card_border_opacity":10,"blog_card_corner_radius":12,"blog_card_shadow_opacity":5,"blog_card_shadow_horizontal_offset":10,"blog_card_shadow_vertical_offset":10,"blog_card_shadow_blur":35,"text_boxes_border_thickness":0,"text_boxes_border_opacity":10,"text_boxes_radius":12,"text_boxes_shadow_opacity":0,"text_boxes_shadow_horizontal_offset":10,"text_boxes_shadow_vertical_offset":12,"text_boxes_shadow_blur":20,"animation_button_hover_color":"#575555","media_border_thickness":0,"media_border_opacity":10,"media_radius":12,"media_shadow_opacity":0,"media_shadow_horizontal_offset":0,"media_shadow_vertical_offset":0,"media_shadow_blur":20,"popup_border_thickness":1,"popup_border_opacity":10,"popup_corner_radius":22,"popup_shadow_opacity":10,"popup_shadow_horizontal_offset":10,"popup_shadow_vertical_offset":12,"popup_shadow_blur":20,"drawer_border_thickness":1,"drawer_border_opacity":10,"drawer_shadow_opacity":0,"drawer_shadow_horizontal_offset":0,"drawer_shadow_vertical_offset":4,"drawer_shadow_blur":5,"badge_position":"bottom left","badge_corner_radius":6,"accent_icons":"text","brand_headline":"","brand_description":"Learn To Love Growth And Change And You Will Be A Success.","brand_image_width":100,"brand":"The Leather Boutique","social_facebook_link":"#","social_instagram_link":"","social_youtube_link":"#","social_tiktok_link":"","social_twitter_link":"#dsfsd","social_snapchat_link":"","social_pinterest_link":"","social_tumblr_link":"","social_vimeo_link":"","predictive_search_enabled":false,"predictive_search_show_vendor":false,"predictive_search_show_price":true,"currency_code_enabled":false,"cart_type":"drawer","show_vendor":false,"show_cart_note":false,"cart_drawer_collection":"","show_cart_payment_badges":false,"cart_trust_badges_width":100,"enable_cart_discount":false,"enable_cart_progress_bar":false,"cart_progress_message":"Spend [amount] more to get FREE shipping!","cart_progress_success_message":"Congrats! You get FREE shipping! 🎉","cart_progress_icon":"truck","checkout_logo_image":"shopify:\/\/shop_images\/Logo.png","checkout_logo_position":"left","checkout_logo_size":"small","checkout_body_background_color":"#f2f8f4","checkout_sidebar_background_color":"#7ea68c","checkout_heading_font":"Open Sans","checkout_body_font":"Open Sans","checkout_accent_color":"#7ea68c","checkout_button_color":"#ffffff","checkout_error_color":"#ffffff","checkout_layout":"onepage","sections":{"main-password-header":{"type":"main-password-header","settings":{"color_scheme":"background-1"}},"main-password-footer":{"type":"main-password-footer","settings":{"color_scheme":"background-1"}},"scroll-to-top-button":{"type":"scroll-to-top-button","settings":{"enable_scroll_button":true,"display_after":400,"position":"bottom_right","offset_x":20,"offset_y":100,"button_size":40,"color_scheme":"accent-1","arrow_color":"#000000"}}},"content_for_index":[]}}}