[
  {
    "name": "theme_info",
    "theme_name": "Atlas Bolt",
    "theme_version": "3.0",
    "theme_author": "Atlas",
    "theme_support_email": "support@helloatlas.io",
    "theme_documentation_url": "https://discord.gg/YwhbV58m3T"
  },
  {
    "name": "t:settings_schema.logo.name",
    "settings": [
      {
        "type": "image_picker",
        "id": "logo",
        "label": "t:settings_schema.logo.settings.logo_image.label",
        "info": "1248px x 512px"
      },
      {
        "type": "range",
        "id": "logo_width",
        "min": 50,
        "max": 300,
        "step": 10,
        "default": 100,
        "unit": "px",
        "label": "t:settings_schema.logo.settings.logo_width.label"
      },
      {
        "type": "range",
        "id": "mobile_logo_width",
        "min": 30,
        "max": 200,
        "step": 10,
        "default": 80,
        "unit": "px",
        "label": "Mobile logo width"
      },
      {
        "type": "image_picker",
        "id": "favicon",
        "label": "t:settings_schema.logo.settings.favicon.label",
        "info": "t:settings_schema.logo.settings.favicon.info"
      }
    ]
  },
  {
    "name": "t:settings_schema.brand_information.name",
    "settings": [
      {
        "type": "paragraph",
        "content": "t:settings_schema.brand_information.settings.paragraph.content"
      },
      {
        "type": "inline_richtext",
        "id": "brand_headline",
        "label": "t:settings_schema.brand_information.settings.brand_headline.label"
      },
      {
        "type": "text",
        "id": "brand_description",
        "label": "t:settings_schema.brand_information.settings.brand_description.label"
      }
    ]
  },
  {
    "name": "t:settings_schema.social-media.name",
    "settings": [
      {
        "type": "header",
        "content": "t:settings_schema.social-media.settings.header.content"
      },
      {
        "type": "text",
        "id": "social_facebook_link",
        "label": "t:settings_schema.social-media.settings.social_facebook_link.label",
        "info": "t:settings_schema.social-media.settings.social_facebook_link.info"
      },
      {
        "type": "text",
        "id": "social_instagram_link",
        "label": "t:settings_schema.social-media.settings.social_instagram_link.label",
        "info": "t:settings_schema.social-media.settings.social_instagram_link.info"
      },
      {
        "type": "text",
        "id": "social_youtube_link",
        "label": "t:settings_schema.social-media.settings.social_youtube_link.label",
        "info": "t:settings_schema.social-media.settings.social_youtube_link.info"
      },
      {
        "type": "text",
        "id": "social_tiktok_link",
        "label": "t:settings_schema.social-media.settings.social_tiktok_link.label",
        "info": "t:settings_schema.social-media.settings.social_tiktok_link.info"
      },
      {
        "type": "text",
        "id": "social_twitter_link",
        "label": "t:settings_schema.social-media.settings.social_twitter_link.label",
        "info": "t:settings_schema.social-media.settings.social_twitter_link.info"
      },
      {
        "type": "text",
        "id": "social_snapchat_link",
        "label": "t:settings_schema.social-media.settings.social_snapchat_link.label",
        "info": "t:settings_schema.social-media.settings.social_snapchat_link.info"
      },
      {
        "type": "text",
        "id": "social_pinterest_link",
        "label": "t:settings_schema.social-media.settings.social_pinterest_link.label",
        "info": "t:settings_schema.social-media.settings.social_pinterest_link.info"
      },
      {
        "type": "text",
        "id": "social_tumblr_link",
        "label": "t:settings_schema.social-media.settings.social_tumblr_link.label",
        "info": "t:settings_schema.social-media.settings.social_tumblr_link.info"
      },
      {
        "type": "text",
        "id": "social_vimeo_link",
        "label": "t:settings_schema.social-media.settings.social_vimeo_link.label",
        "info": "t:settings_schema.social-media.settings.social_vimeo_link.info"
      }
    ]
  },
  {
    "name": "t:settings_schema.colors.name",
    "settings": [
      {
        "type": "header",
        "content": "t:settings_schema.colors.settings.header__1.content"
      },
      {
        "type": "color",
        "id": "colors_accent_1",
        "default": "#dd1d1d",
        "label": "t:settings_schema.colors.settings.colors_accent_1.label"
      },
      {
        "type": "color_background",
        "id": "gradient_background_1",
        "label": "t:settings_schema.colors.settings.gradient_background_1.label"
      },
      {
        "type": "color",
        "id": "colors_accent_2",
        "default": "#dd1d1d",
        "label": "t:settings_schema.colors.settings.colors_accent_2.label",
        "info": "t:settings_schema.colors.settings.colors_accent_2.info"
      },
      {
        "type": "color",
        "id": "colors_accent_3",
        "default": "#ffffff",
        "label": "t:settings_schema.colors.settings.colors_accent_3.label",
        "info": "t:settings_schema.colors.settings.colors_accent_3.info"
      },
      {
        "type": "header",
        "content": "t:settings_schema.colors.settings.header__2.content"
      },
      {
        "type": "color",
        "id": "colors_navigation_links",
        "default": "#181818",
        "label": "Navigation links"
      },
      {
        "type": "color",
        "id": "colors_custom_color_1",
        "label": "t:settings_schema.colors.settings.colors_custom_color_1.label"
      },
      {
        "type": "color",
        "id": "colors_custom_color_2",
        "label": "t:settings_schema.colors.settings.colors_custom_color_2.label"
      },
      {
        "type": "color",
        "id": "colors_custom_color_3",
        "label": "t:settings_schema.colors.settings.colors_custom_color_3.label"
      },
      {
        "type": "color",
        "id": "colors_custom_color_4",
        "label": "t:settings_schema.colors.settings.colors_custom_color_4.label"
      },
      {
        "type": "color",
        "id": "colors_custom_color_5",
        "label": "t:settings_schema.colors.settings.colors_custom_color_5.label"
      },
      {
        "type": "color",
        "id": "colors_solid_button_labels",
        "default": "#FDFBF7",
        "label": "t:settings_schema.colors.settings.colors_solid_button_labels.label"
      },
      {
        "type": "color",
        "id": "colors_outline_button_labels",
        "default": "#000000",
        "label": "t:settings_schema.colors.settings.colors_outline_button_labels.label",
        "info": "t:settings_schema.colors.settings.colors_outline_button_labels.info"
      },
      {
        "type": "checkbox",
        "id": "enable_global_color",
        "label": "Enable global color settings",
        "default": false,
        "info": "Enable to match store colors to global color selection and disable to control individual store section colors."
      },
      {
        "type": "color",
        "id": "colors_heading",
        "default": "#383838",
        "label": "Heading"
      },
      {
        "type": "color",
        "id": "colors_text",
        "default": "#2E2A39",
        "label": "t:settings_schema.colors.settings.colors_text.label"
      }
    ]
  },
  {
    "name": "t:settings_schema.typography.name",
    "settings": [
      {
        "type": "header",
        "content": "t:settings_schema.typography.settings.header__1.content"
      },
      {
        "type": "select",
        "id": "global_heading_text_transform",
        "options": [
          {
            "value": "uppercase",
            "label": "Uppercase"
          },
          {
            "value": "lowercase",
            "label": "Lowercase"
          },
          {
            "value": "none",
            "label": "Normal"
          }
        ],
        "default": "none",
        "label": "Heading case"
      },
      {
        "type": "font_picker",
        "id": "type_header_font",
        "default": "harmonia_sans_n6",
        "label": "t:settings_schema.typography.settings.type_header_font.label"
      },
      {
        "type": "checkbox",
        "id": "enable_global_heading_font_size",
        "label": "Enable global heading font size",
        "default": false,
        "info": "Enable to match all heading font size to global settings and disable to control individual section heading font size."
      },
      {
        "type": "range",
        "id": "heading_font_size",
        "min": 30,
        "max": 58,
        "step": 1,
        "unit": "px",
        "label": "Desktop heading size",
        "default": 40
      },
      {
        "type": "range",
        "id": "heading_mob_font_size",
        "min": 30,
        "max": 58,
        "step": 1,
        "unit": "px",
        "label": "Mobile heading size",
        "default": 30
      },
      {
        "type": "header",
        "content": "t:settings_schema.typography.settings.header__2.content"
      },
      {
        "type": "font_picker",
        "id": "type_body_font",
        "default": "harmonia_sans_n4",
        "label": "t:settings_schema.typography.settings.type_body_font.label"
      },
      {
        "type": "checkbox",
        "id": "enable_global_body_font_size",
        "label": "Enable global body font size",
        "default": false,
        "info": "Enable to match all body font size to global settings and disable to control individual section body font size."
      },
      {
        "type": "range",
        "id": "body_font_size",
        "min": 14,
        "max": 36,
        "step": 1,
        "unit": "px",
        "label": "Body font size",
        "default": 14
      },
      {
        "type": "header",
        "content": "Buttons"
      },
      {
        "type": "font_picker",
        "id": "type_button_font",
        "default": "harmonia_sans_n4",
        "label": "Font"
      }
    ]
  },
  {
    "name": "t:settings_schema.buttons.name",
    "settings": [
      {
        "type": "header",
        "content": "t:settings_schema.global.settings.header__border.content"
      },
      {
        "type": "range",
        "id": "buttons_border_thickness",
        "min": 0,
        "max": 12,
        "step": 1,
        "unit": "px",
        "label": "t:settings_schema.global.settings.thickness.label",
        "default": 1
      },
      {
        "type": "range",
        "id": "buttons_border_opacity",
        "min": 0,
        "max": 100,
        "step": 5,
        "unit": "%",
        "label": "t:settings_schema.global.settings.opacity.label",
        "default": 15
      },
      {
        "type": "range",
        "id": "buttons_radius",
        "min": 0,
        "max": 40,
        "step": 2,
        "unit": "px",
        "label": "t:settings_schema.global.settings.corner_radius.label",
        "default": 10
      },
      {
        "type": "header",
        "content": "t:settings_schema.global.settings.header__shadow.content"
      },
      {
        "type": "range",
        "id": "buttons_shadow_opacity",
        "min": 0,
        "max": 100,
        "step": 5,
        "unit": "%",
        "label": "t:settings_schema.global.settings.opacity.label",
        "default": 0
      },
      {
        "type": "range",
        "id": "buttons_shadow_horizontal_offset",
        "min": -12,
        "max": 12,
        "step": 2,
        "unit": "px",
        "label": "t:settings_schema.global.settings.horizontal_offset.label",
        "default": 0
      },
      {
        "type": "range",
        "id": "buttons_shadow_vertical_offset",
        "min": -12,
        "max": 12,
        "step": 2,
        "unit": "px",
        "label": "t:settings_schema.global.settings.vertical_offset.label",
        "default": 0
      },
      {
        "type": "range",
        "id": "buttons_shadow_blur",
        "min": 0,
        "max": 20,
        "step": 5,
        "unit": "px",
        "label": "t:settings_schema.global.settings.blur.label",
        "default": 0
      }
    ]
  },
  {
    "name": "Button animations",
    "settings": [
      {
        "type": "checkbox",
        "id": "text_with_arrow",
        "label": "Text + arrow",
        "default": true
      },
      {
        "type": "checkbox",
        "id": "subtle_scale",
        "label": "Subtle scale",
        "default": true
      },
      {
        "type": "checkbox",
        "id": "subtle_glow",
        "label": "Subtle glow",
        "default": true
      },
      {
        "type": "checkbox",
        "id": "slide_background",
        "label": "Slide background",
        "default": true
      },
      {
        "type": "color",
        "id": "animation_button_hover_color",
        "label": "Hover button color",
        "default": "#575555"
      }
    ]
  },
  {
    "name": "t:settings_schema.variant_pills.name",
    "settings": [
      {
        "type": "paragraph",
        "content": "t:settings_schema.variant_pills.paragraph"
      },
      {
        "type": "header",
        "content": "t:settings_schema.global.settings.header__border.content"
      },
      {
        "type": "range",
        "id": "variant_pills_border_thickness",
        "min": 0,
        "max": 12,
        "step": 1,
        "unit": "px",
        "label": "t:settings_schema.global.settings.thickness.label",
        "default": 1
      },
      {
        "type": "range",
        "id": "variant_pills_border_opacity",
        "min": 0,
        "max": 100,
        "step": 5,
        "unit": "%",
        "label": "t:settings_schema.global.settings.opacity.label",
        "default": 55
      },
      {
        "type": "range",
        "id": "variant_pills_radius",
        "min": 0,
        "max": 40,
        "step": 2,
        "unit": "px",
        "label": "t:settings_schema.global.settings.corner_radius.label",
        "default": 40
      },
      {
        "type": "header",
        "content": "t:settings_schema.global.settings.header__shadow.content"
      },
      {
        "type": "range",
        "id": "variant_pills_shadow_opacity",
        "min": 0,
        "max": 100,
        "step": 5,
        "unit": "%",
        "label": "t:settings_schema.global.settings.opacity.label",
        "default": 0
      },
      {
        "type": "range",
        "id": "variant_pills_shadow_horizontal_offset",
        "min": -12,
        "max": 12,
        "step": 2,
        "unit": "px",
        "label": "t:settings_schema.global.settings.horizontal_offset.label",
        "default": 0
      },
      {
        "type": "range",
        "id": "variant_pills_shadow_vertical_offset",
        "min": -12,
        "max": 12,
        "step": 2,
        "unit": "px",
        "label": "t:settings_schema.global.settings.vertical_offset.label",
        "default": 0
      },
      {
        "type": "range",
        "id": "variant_pills_shadow_blur",
        "min": 0,
        "max": 20,
        "step": 5,
        "unit": "px",
        "label": "t:settings_schema.global.settings.blur.label",
        "default": 0
      }
    ]
  },
  {
    "name": "t:settings_schema.inputs.name",
    "settings": [
      {
        "type": "header",
        "content": "t:settings_schema.global.settings.header__border.content"
      },
      {
        "type": "range",
        "id": "inputs_border_thickness",
        "min": 0,
        "max": 12,
        "step": 1,
        "unit": "px",
        "label": "t:settings_schema.global.settings.thickness.label",
        "default": 1
      },
      {
        "type": "range",
        "id": "inputs_border_opacity",
        "min": 0,
        "max": 100,
        "step": 5,
        "unit": "%",
        "label": "t:settings_schema.global.settings.opacity.label",
        "default": 15
      },
      {
        "type": "range",
        "id": "inputs_radius",
        "min": 0,
        "max": 40,
        "step": 1,
        "unit": "px",
        "label": "t:settings_schema.global.settings.corner_radius.label",
        "default": 10
      },
      {
        "type": "header",
        "content": "t:settings_schema.global.settings.header__shadow.content"
      },
      {
        "type": "range",
        "id": "inputs_shadow_opacity",
        "min": 0,
        "max": 100,
        "step": 5,
        "unit": "%",
        "label": "t:settings_schema.global.settings.opacity.label",
        "default": 0
      },
      {
        "type": "range",
        "id": "inputs_shadow_horizontal_offset",
        "min": -12,
        "max": 12,
        "step": 2,
        "unit": "px",
        "label": "t:settings_schema.global.settings.horizontal_offset.label",
        "default": 0
      },
      {
        "type": "range",
        "id": "inputs_shadow_vertical_offset",
        "min": -12,
        "max": 12,
        "step": 2,
        "unit": "px",
        "label": "t:settings_schema.global.settings.vertical_offset.label",
        "default": 0
      },
      {
        "type": "range",
        "id": "inputs_shadow_blur",
        "min": 0,
        "max": 20,
        "step": 5,
        "unit": "px",
        "label": "t:settings_schema.global.settings.blur.label",
        "default": 0
      }
    ]
  },
  {
    "name": "t:settings_schema.badges.name",
    "settings": [
      {
        "type": "select",
        "id": "badge_position",
        "options": [
          {
            "value": "bottom left",
            "label": "t:settings_schema.badges.settings.position.options__1.label"
          },
          {
            "value": "bottom right",
            "label": "t:settings_schema.badges.settings.position.options__2.label"
          },
          {
            "value": "top left",
            "label": "t:settings_schema.badges.settings.position.options__3.label"
          },
          {
            "value": "top right",
            "label": "t:settings_schema.badges.settings.position.options__4.label"
          }
        ],
        "default": "top left",
        "label": "t:settings_schema.badges.settings.position.label"
      },
      {
        "type": "range",
        "id": "badge_corner_radius",
        "min": 0,
        "max": 40,
        "step": 2,
        "unit": "px",
        "label": "t:settings_schema.global.settings.corner_radius.label",
        "default": 6
      },
      {
        "type": "text",
        "id": "sale_badge_text_html",
        "label": "Sale badge text",
        "default": "SAVE [percentage]",
        "info": "Use [percentage] to display the percentage the customer is saving."
      },
      {
        "type": "color",
        "id": "sale_badge_background_color",
        "label": "Sale badge background color",
        "default": "#9b9b9b"
      },
      {
        "type": "checkbox",
        "id": "sale_badge_has_gradient",
        "label": "Use gradient for background",
        "default": true,
        "info": "Enable to use a gradient instead of solid color for the badge background"
      },
      {
        "type": "color_background",
        "id": "sale_badge_background_gradient",
        "label": "Sale badge gradient",
        "default": "linear-gradient(135deg, #4a6cf7, #8c6bf7)"
      }
    ]
  },
  {
    "name": "t:settings_schema.layout.name",
    "settings": [
      {
        "type": "range",
        "id": "page_width",
        "min": 1000,
        "max": 1600,
        "step": 100,
        "default": 1200,
        "unit": "px",
        "label": "t:settings_schema.layout.settings.page_width.label"
      },
      {
        "type": "range",
        "id": "spacing_sections",
        "min": 0,
        "max": 100,
        "step": 4,
        "unit": "px",
        "label": "t:settings_schema.layout.settings.spacing_sections.label",
        "default": 36
      },
      {
        "type": "header",
        "content": "t:settings_schema.layout.settings.header__grid.content"
      },
      {
        "type": "paragraph",
        "content": "t:settings_schema.layout.settings.paragraph__grid.content"
      },
      {
        "type": "range",
        "id": "spacing_grid_horizontal",
        "min": 4,
        "max": 40,
        "step": 4,
        "default": 40,
        "unit": "px",
        "label": "t:settings_schema.layout.settings.spacing_grid_horizontal.label"
      },
      {
        "type": "range",
        "id": "spacing_grid_vertical",
        "min": 4,
        "max": 40,
        "step": 4,
        "default": 40,
        "unit": "px",
        "label": "t:settings_schema.layout.settings.spacing_grid_vertical.label"
      }
    ]
  },
  {
    "name": "t:settings_schema.cards.name",
    "settings": [
      {
        "type": "header",
        "content": "Product Card Layout"
      },
      {
        "type": "select",
        "id": "card_text_alignment",
        "options": [
          {
            "value": "left",
            "label": "t:settings_schema.global.settings.text_alignment.options__1.label"
          },
          {
            "value": "center",
            "label": "t:settings_schema.global.settings.text_alignment.options__2.label"
          },
          {
            "value": "right",
            "label": "t:settings_schema.global.settings.text_alignment.options__3.label"
          }
        ],
        "default": "center",
        "label": "Text alignment"
      },
      {
        "type": "range",
        "id": "card_padding",
        "min": 0,
        "max": 24,
        "step": 1,
        "unit": "px",
        "label": "Card padding",
        "default": 5
      },
      {
        "type": "range",
        "id": "card_border_radius",
        "label": "Card corner radius",
        "min": 0,
        "max": 40,
        "step": 2,
        "unit": "px",
        "default": 6
      },
      {
        "type": "checkbox",
        "id": "show_secondary_image",
        "default": true,
        "label": "Show second image"
      },
      {
        "type": "checkbox",
        "id": "product_card_show_vendor",
        "label": "Show vendor name",
        "default": true
      },
      {
        "type": "checkbox",
        "id": "product_card_use_slider_images",
        "label": "Enable image slider on product cards",
        "info": "Show multiple product images with navigation arrows",
        "default": false
      },
      {
        "type": "header",
        "content": "Product Information"
      },
      {
        "type": "select",
        "id": "card_cta_type",
        "options": [
          {
            "value": "none",
            "label": "No button"
          },
          {
            "value": "add_to_cart",
            "label": "Add to cart"
          },
          {
            "value": "quick_view",
            "label": "Quick view"
          },
          {
            "value": "choose_options",
            "label": "Choose options"
          }
        ],
        "default": "quick_view",
        "label": "Button type"
      },
      {
        "type": "header",
        "content": "Typography"
      },
      {
        "type": "range",
        "id": "card_title_font_size",
        "label": "Desktop product title size",
        "min": 8,
        "max": 64,
        "step": 1,
        "unit": "px",
        "default": 16
      },
      {
        "type": "range",
        "id": "card_title_font_size_mobile",
        "label": "Mobile product title size",
        "min": 8,
        "max": 64,
        "step": 1,
        "unit": "px",
        "default": 14
      },
      {
        "type": "range",
        "id": "card_price_font_size",
        "label": "Desktop price size",
        "min": 8,
        "max": 64,
        "step": 1,
        "unit": "px",
        "default": 20
      },
      {
        "type": "range",
        "id": "card_price_font_size_mobile",
        "label": "Mobile price size",
        "min": 8,
        "max": 64,
        "step": 1,
        "unit": "px",
        "default": 16
      },
      {
        "type": "range",
        "id": "card_compare_at_price_font_size",
        "label": "Desktop compare at price size",
        "min": 8,
        "max": 64,
        "step": 1,
        "unit": "px",
        "default": 16
      },
      {
        "type": "range",
        "id": "card_compare_at_price_font_size_mobile",
        "label": "Mobile compare at price size",
        "min": 8,
        "max": 64,
        "step": 1,
        "unit": "px",
        "default": 14
      },
      {
        "type": "range",
        "id": "card_vendor_font_size",
        "label": "Desktop vendor name size",
        "min": 8,
        "max": 64,
        "step": 1,
        "unit": "px",
        "default": 14
      },
      {
        "type": "range",
        "id": "card_vendor_font_size_mobile",
        "label": "Mobile vendor name size",
        "min": 8,
        "max": 64,
        "step": 1,
        "unit": "px",
        "default": 14
      },
      {
        "type": "range",
        "id": "card_button_text_font_size",
        "label": "Desktop button text size",
        "min": 8,
        "max": 64,
        "step": 1,
        "unit": "px",
        "default": 14
      },
      {
        "type": "range",
        "id": "card_button_text_font_size_mobile",
        "label": "Mobile button text size",
        "min": 8,
        "max": 64,
        "step": 1,
        "unit": "px",
        "default": 12
      },
      {
        "type": "range",
        "id": "card_stock_indicator_font_size",
        "label": "Desktop stock indicator size",
        "min": 5,
        "max": 64,
        "step": 1,
        "unit": "px",
        "default": 12
      },
      {
        "type": "range",
        "id": "card_stock_indicator_font_size_mobile",
        "label": "Mobile stock indicator size",
        "min": 5,
        "max": 64,
        "step": 1,
        "unit": "px",
        "default": 10
      },
      {
        "type": "header",
        "content": "Colors"
      },
      {
        "type": "color",
        "id": "card_title_text_color",
        "label": "Product title color",
        "default": "#ffffff"
      },
      {
        "type": "color",
        "id": "card_price_text_color",
        "label": "Price color",
        "default": "#ffffff"
      },
      {
        "type": "color",
        "id": "card_compare_at_price_text_color",
        "label": "Compare at price color",
        "default": "#ffffff"
      },
      {
        "type": "range",
        "id": "card_compare_at_price_color_opacity",
        "label": "Compare at price opacity",
        "min": 0,
        "max": 100,
        "step": 1,
        "unit": "%",
        "default": 50
      },
      {
        "type": "color",
        "id": "card_vendor_text_color",
        "label": "Vendor name color",
        "default": "#ffffff"
      },
      {
        "type": "color",
        "id": "card_stock_indicator_text_color",
        "label": "Stock indicator text color",
        "default": "#ffffff"
      },
      {
        "type": "color",
        "id": "card_stock_indicator_svg_color_1",
        "label": "Stock indicator icon color 1",
        "default": "#28FE5E"
      },
      {
        "type": "color",
        "id": "card_stock_indicator_svg_color_2",
        "label": "Stock indicator icon color 2",
        "default": "#4AEB72"
      },
      {
        "type": "header",
        "content": "Card Background"
      },
      {
        "type": "color",
        "id": "card_background_color",
        "label": "Background color",
        "default": "#ffffff"
      },
      {
        "type": "range",
        "id": "card_background_color_opacity",
        "label": "Background opacity",
        "min": 0,
        "max": 100,
        "step": 1,
        "unit": "%",
        "default": 27
      },
      {
        "type": "checkbox",
        "id": "card_background_color_use_gradient",
        "label": "Use gradient background",
        "default": false
      },
      {
        "type": "color_background",
        "id": "card_background_color_gradient",
        "label": "Background gradient",
        "default": "linear-gradient(180deg, rgba(251, 51, 166, 1), rgba(127, 72, 176, 1) 50%, rgba(48, 145, 211, 1) 100%)"
      },
      {
        "type": "header",
        "content": "Button Colors"
      },
      {
        "type": "color",
        "id": "card_button_main_color",
        "label": "Button main color",
        "default": "#1D1A2D"
      },
      {
        "type": "color",
        "id": "card_button_secondary_color",
        "label": "Button secondary color",
        "default": "#FCFCFC"
      },
      {
        "type": "color",
        "id": "card_button_tertiary_color",
        "label": "Button tertiary color",
        "default": "#f6f6f6"
      },
      {
        "type": "header",
        "content": "Sale Badge"
      },
      {
        "type": "checkbox",
        "id": "card_custom_badge",
        "label": "Show sale badge",
        "default": false
      },
      {
        "type": "select",
        "id": "card_badge_position",
        "options": [
          {
            "value": "bottom left",
            "label": "Bottom left"
          },
          {
            "value": "bottom right",
            "label": "Bottom right"
          },
          {
            "value": "top left",
            "label": "Top left"
          },
          {
            "value": "top right",
            "label": "Top right"
          }
        ],
        "default": "top left",
        "label": "Badge position"
      },
      {
        "type": "text",
        "id": "card_badge_text_html",
        "label": "Badge text",
        "default": "SAVE [percentage]",
        "info": "Use [percentage] to show the discount percentage"
      },
      {
        "type": "color",
        "id": "card_badge_text_color",
        "label": "Badge text color",
        "default": "#ffffff"
      },
      {
        "type": "select",
        "id": "card_badge_bg_type",
        "label": "Badge background style",
        "options": [
          {
            "value": "color",
            "label": "Solid color"
          },
          {
            "value": "gradient",
            "label": "Gradient"
          }
        ],
        "default": "gradient"
      },
      {
        "type": "color",
        "id": "card_badge_background_color",
        "label": "Badge background color",
        "default": "#3AB951"
      },
      {
        "type": "color_background",
        "id": "card_badge_background_gradient",
        "label": "Badge gradient",
        "default": "linear-gradient(135deg, #4a6cf7, #8c6bf7)"
      },
      {
        "type": "range",
        "id": "card_badge_corner_radius",
        "min": 0,
        "max": 120,
        "step": 2,
        "unit": "px",
        "label": "Badge corner radius",
        "default": 100
      },
      {
        "type": "header",
        "content": "Border & Shadow"
      },
      {
        "type": "color",
        "id": "card_border_color",
        "label": "Border color",
        "default": "#ffffff"
      },
      {
        "type": "range",
        "id": "card_border_thickness",
        "min": 0,
        "max": 4,
        "step": 1,
        "unit": "px",
        "label": "Border thickness",
        "default": 0
      },
      {
        "type": "range",
        "id": "card_border_opacity",
        "min": 0,
        "max": 100,
        "step": 5,
        "unit": "%",
        "label": "Border opacity",
        "default": 10
      },
      {
        "type": "range",
        "id": "card_shadow_opacity",
        "min": 0,
        "max": 100,
        "step": 5,
        "unit": "%",
        "label": "Shadow opacity",
        "default": 5
      },
      {
        "type": "range",
        "id": "card_shadow_horizontal_offset",
        "min": -40,
        "max": 40,
        "step": 2,
        "unit": "px",
        "label": "Shadow horizontal offset",
        "default": 10
      },
      {
        "type": "range",
        "id": "card_shadow_vertical_offset",
        "min": -40,
        "max": 40,
        "step": 2,
        "unit": "px",
        "label": "Shadow vertical offset",
        "default": 10
      },
      {
        "type": "range",
        "id": "card_shadow_blur",
        "min": 0,
        "max": 40,
        "step": 5,
        "unit": "px",
        "label": "Shadow blur",
        "default": 35
      }
    ]
  },
  {
    "name": "t:settings_schema.collection_cards.name",
    "settings": [
      {
        "type": "select",
        "id": "collection_card_style",
        "options": [
          {
            "value": "standard",
            "label": "t:settings_schema.collection_cards.settings.style.options__1.label"
          },
          {
            "value": "card",
            "label": "t:settings_schema.collection_cards.settings.style.options__2.label"
          }
        ],
        "default": "standard",
        "label": "t:settings_schema.collection_cards.settings.style.label"
      },
      {
        "type": "range",
        "id": "collection_card_image_padding",
        "min": 0,
        "max": 20,
        "step": 2,
        "unit": "px",
        "label": "t:settings_schema.global.settings.image_padding.label",
        "default": 0
      },
      {
        "type": "select",
        "id": "collection_card_text_alignment",
        "options": [
          {
            "value": "left",
            "label": "t:settings_schema.global.settings.text_alignment.options__1.label"
          },
          {
            "value": "center",
            "label": "t:settings_schema.global.settings.text_alignment.options__2.label"
          },
          {
            "value": "right",
            "label": "t:settings_schema.global.settings.text_alignment.options__3.label"
          }
        ],
        "default": "left",
        "label": "t:settings_schema.global.settings.text_alignment.label"
      },
      {
        "type": "select",
        "id": "collection_card_color_scheme",
        "options": [
          {
            "value": "accent-1",
            "label": "t:sections.all.colors.accent_1.label"
          },
          {
            "value": "accent-2",
            "label": "t:sections.all.colors.accent_2.label"
          },
          {
            "value": "inverse",
            "label": "t:sections.all.colors.inverse.label"
          }
        ],
        "default": "accent-1",
        "label": "Collection card color scheme"
      },
      {
        "type": "header",
        "content": "t:settings_schema.global.settings.header__border.content"
      },
      {
        "type": "range",
        "id": "collection_card_border_thickness",
        "min": 0,
        "max": 24,
        "step": 1,
        "unit": "px",
        "label": "t:settings_schema.global.settings.thickness.label",
        "default": 0
      },
      {
        "type": "range",
        "id": "collection_card_border_opacity",
        "min": 0,
        "max": 100,
        "step": 5,
        "unit": "%",
        "label": "t:settings_schema.global.settings.opacity.label",
        "default": 0
      },
      {
        "type": "range",
        "id": "collection_card_corner_radius",
        "min": 0,
        "max": 40,
        "step": 2,
        "unit": "px",
        "label": "t:settings_schema.global.settings.corner_radius.label",
        "default": 0
      },
      {
        "type": "header",
        "content": "t:settings_schema.global.settings.header__shadow.content"
      },
      {
        "type": "range",
        "id": "collection_card_shadow_opacity",
        "min": 0,
        "max": 100,
        "step": 5,
        "unit": "%",
        "label": "t:settings_schema.global.settings.opacity.label",
        "default": 10
      },
      {
        "type": "range",
        "id": "collection_card_shadow_horizontal_offset",
        "min": -40,
        "max": 40,
        "step": 2,
        "unit": "px",
        "label": "t:settings_schema.global.settings.horizontal_offset.label",
        "default": 0
      },
      {
        "type": "range",
        "id": "collection_card_shadow_vertical_offset",
        "min": -40,
        "max": 40,
        "step": 2,
        "unit": "px",
        "label": "t:settings_schema.global.settings.vertical_offset.label",
        "default": 0
      },
      {
        "type": "range",
        "id": "collection_card_shadow_blur",
        "min": 0,
        "max": 40,
        "step": 5,
        "unit": "px",
        "label": "t:settings_schema.global.settings.blur.label",
        "default": 0
      }
    ]
  },
  {
    "name": "t:settings_schema.blog_cards.name",
    "settings": [
      {
        "type": "range",
        "id": "blog_card_image_padding",
        "min": 0,
        "max": 20,
        "step": 2,
        "unit": "px",
        "label": "t:settings_schema.global.settings.card_padding.label",
        "default": 0
      },
      {
        "type": "select",
        "id": "blog_card_text_alignment",
        "options": [
          {
            "value": "left",
            "label": "t:settings_schema.global.settings.text_alignment.options__1.label"
          },
          {
            "value": "center",
            "label": "t:settings_schema.global.settings.text_alignment.options__2.label"
          },
          {
            "value": "right",
            "label": "t:settings_schema.global.settings.text_alignment.options__3.label"
          }
        ],
        "default": "left",
        "label": "t:settings_schema.global.settings.text_alignment.label"
      },
      {
        "type": "checkbox",
        "id": "show_image",
        "default": true,
        "label": "t:sections.main-blog.settings.show_image.label"
      },
      {
        "type": "select",
        "id": "image_height",
        "options": [
          {
            "value": "adapt",
            "label": "t:sections.main-blog.settings.image_height.options__1.label"
          },
          {
            "value": "small",
            "label": "t:sections.main-blog.settings.image_height.options__2.label"
          },
          {
            "value": "medium",
            "label": "t:sections.main-blog.settings.image_height.options__3.label"
          },
          {
            "value": "large",
            "label": "t:sections.main-blog.settings.image_height.options__4.label"
          }
        ],
        "default": "medium",
        "label": "t:sections.main-blog.settings.image_height.label",
        "info": "t:sections.main-blog.settings.image_height.info"
      },
      {
        "type": "checkbox",
        "id": "show_date",
        "default": true,
        "label": "Show post date"
      },
      {
        "type": "checkbox",
        "id": "show_excerpt",
        "default": true,
        "label": "Show excerpt"
      },
      {
        "type": "checkbox",
        "id": "show_author",
        "default": true,
        "label": "Show author"
      },
      {
        "type": "checkbox",
        "id": "show_comments",
        "default": true,
        "label": "Show comments"
      },
      {
        "type": "checkbox",
        "id": "show_tags",
        "default": true,
        "label": "Show tags"
      },
      {
        "type": "header",
        "content": "Blog card layout"
      },
      {
        "type": "paragraph",
        "content": "Blog card content padding Desktop"
      },
      {
        "type": "range",
        "id": "blog_card_content_padding_top",
        "min": 0,
        "max": 30,
        "step": 1,
        "unit": "px",
        "label": "Blog card content padding top Desktop",
        "default": 20
      },
      {
        "type": "range",
        "id": "blog_card_content_padding_bottom",
        "min": 0,
        "max": 30,
        "step": 1,
        "unit": "px",
        "label": "Blog card content padding bottom Desktop",
        "default": 10
      },
      {
        "type": "range",
        "id": "blog_card_content_padding_left",
        "min": 0,
        "max": 30,
        "step": 1,
        "unit": "px",
        "label": "Blog card content padding left Desktop",
        "default": 5
      },
      {
        "type": "range",
        "id": "blog_card_content_padding_right",
        "min": 0,
        "max": 30,
        "step": 1,
        "unit": "px",
        "label": "Blog card content padding right Desktop",
        "default": 5
      },
      {
        "type": "paragraph",
        "content": "Blog card content padding Mobile"
      },
      {
        "type": "range",
        "id": "blog_card_content_padding_mobile_top",
        "min": 0,
        "max": 30,
        "step": 1,
        "unit": "px",
        "label": "Blog card content padding mobile top",
        "default": 10
      },
      {
        "type": "range",
        "id": "blog_card_content_padding_mobile_bottom",
        "min": 0,
        "max": 30,
        "step": 1,
        "unit": "px",
        "label": "Blog card content padding mobile bottom",
        "default": 5
      },
      {
        "type": "range",
        "id": "blog_card_content_padding_mobile_left",
        "min": 0,
        "max": 30,
        "step": 1,
        "unit": "px",
        "label": "Blog card content padding mobile left",
        "default": 5
      },
      {
        "type": "range",
        "id": "blog_card_content_padding_mobile_right",
        "min": 0,
        "max": 30,
        "step": 1,
        "unit": "px",
        "label": "Blog card content padding mobile right",
        "default": 5
      },
      {
        "type": "header",
        "content": "Blog card typography"
      },
      {
        "type": "range",
        "id": "blog_card_title_font_size",
        "min": 10,
        "max": 40,
        "step": 1,
        "unit": "px",
        "label": "Blog card title font size Desktop",
        "default": 25
      },
      {
        "type": "range",
        "id": "blog_card_title_font_size_mobile",
        "min": 10,
        "max": 40,
        "step": 1,
        "unit": "px",
        "label": "Blog card title font size Mobile",
        "default": 20
      },
      {
        "type": "range",
        "id": "blog_card_excerpt_font_size",
        "min": 10,
        "max": 40,
        "step": 1,
        "unit": "px",
        "label": "Blog card Excerpt font size Desktop",
        "default": 16
      },
      {
        "type": "range",
        "id": "blog_card_excerpt_font_size_mobile",
        "min": 10,
        "max": 40,
        "step": 1,
        "unit": "px",
        "label": "Blog card Excerpt font size Mobile",
        "default": 14
      },
      {
        "type": "range",
        "id": "blog_card_author_font_size",
        "min": 10,
        "max": 40,
        "step": 1,
        "unit": "px",
        "label": "Blog card author/comment font size Desktop",
        "default": 14
      },
      {
        "type": "range",
        "id": "blog_card_author_font_size_mobile",
        "min": 10,
        "max": 40,
        "step": 1,
        "unit": "px",
        "label": "Blog card author/comment font size Mobile",
        "default": 10
      },
      {
        "type": "range",
        "id": "blog_card_date_font_size",
        "min": 10,
        "max": 40,
        "step": 1,
        "unit": "px",
        "label": "Blog card date font size Desktop",
        "default": 14
      },
      {
        "type": "range",
        "id": "blog_card_date_font_size_mobile",
        "min": 10,
        "max": 40,
        "step": 1,
        "unit": "px",
        "label": "Blog card date font size Mobile",
        "default": 12
      },
      {
        "type": "range",
        "id": "blog_card_tags_font_size",
        "min": 10,
        "max": 40,
        "step": 1,
        "unit": "px",
        "label": "Blog card tags font size Desktop",
        "default": 14
      },
      {
        "type": "range",
        "id": "blog_card_tags_font_size_mobile",
        "min": 10,
        "max": 40,
        "step": 1,
        "unit": "px",
        "label": "Blog card tags font size Mobile",
        "default": 12
      },
      {
        "type": "header",
        "content": "Blog card colors"
      },
      {
        "type": "color",
        "id": "blog_card_title_color",
        "label": "Blog card title color",
        "default": "#1D1A2D"
      },
      {
        "type": "color",
        "id": "blog_card_excerpt_color",
        "label": "Blog card excerpt color",
        "default": "#1D1A2D"
      },
      {
        "type": "color",
        "id": "blog_card_author_color",
        "label": "Blog card author/comment color",
        "default": "#1D1A2D"
      },
      {
        "type": "color",
        "id": "blog_card_date_color",
        "label": "Blog card date color",
        "default": "#1D1A2D"
      },
      {
        "type": "color",
        "id": "blog_card_tags_color",
        "label": "Blog card tags color",
        "default": "#1D1A2D"
      },
      {
        "type": "select",
        "id": "blog_card_color_scheme",
        "options": [
          {
            "value": "accent-1",
            "label": "t:sections.all.colors.accent_1.label"
          },
          {
            "value": "accent-2",
            "label": "t:sections.all.colors.accent_2.label"
          },
          {
            "value": "inverse",
            "label": "t:sections.all.colors.inverse.label"
          }
        ],
        "default": "accent-1",
        "label": "Blog card color scheme"
      },
      {
        "type": "checkbox",
        "id": "blog_card_has_custom_color",
        "label": "Blog card has custom color",
        "default": false,
        "info": "If enabled, the blog card will have custom color. This will override the global color scheme"
      },
      {
        "type": "color",
        "id": "blog_card_custom_color",
        "label": "Blog card custom color",
        "default": "#ffffff"
      },
      {
        "type": "header",
        "content": "t:settings_schema.global.settings.header__border.content"
      },
      {
        "type": "range",
        "id": "blog_card_border_thickness",
        "min": 0,
        "max": 24,
        "step": 1,
        "unit": "px",
        "label": "t:settings_schema.global.settings.thickness.label",
        "default": 0
      },
      {
        "type": "range",
        "id": "blog_card_border_opacity",
        "min": 0,
        "max": 100,
        "step": 5,
        "unit": "%",
        "label": "t:settings_schema.global.settings.opacity.label",
        "default": 0
      },
      {
        "type": "range",
        "id": "blog_card_corner_radius",
        "min": 0,
        "max": 40,
        "step": 2,
        "unit": "px",
        "label": "t:settings_schema.global.settings.corner_radius.label",
        "default": 0
      },
      {
        "type": "header",
        "content": "t:settings_schema.global.settings.header__shadow.content"
      },
      {
        "type": "range",
        "id": "blog_card_shadow_opacity",
        "min": 0,
        "max": 100,
        "step": 5,
        "unit": "%",
        "label": "t:settings_schema.global.settings.opacity.label",
        "default": 10
      },
      {
        "type": "range",
        "id": "blog_card_shadow_horizontal_offset",
        "min": -40,
        "max": 40,
        "step": 2,
        "unit": "px",
        "label": "t:settings_schema.global.settings.horizontal_offset.label",
        "default": 0
      },
      {
        "type": "range",
        "id": "blog_card_shadow_vertical_offset",
        "min": -40,
        "max": 40,
        "step": 2,
        "unit": "px",
        "label": "t:settings_schema.global.settings.vertical_offset.label",
        "default": 0
      },
      {
        "type": "range",
        "id": "blog_card_shadow_blur",
        "min": 0,
        "max": 40,
        "step": 5,
        "unit": "px",
        "label": "t:settings_schema.global.settings.blur.label",
        "default": 0
      }
    ]
  },
  {
    "name": "t:settings_schema.content_containers.name",
    "settings": [
      {
        "type": "header",
        "content": "t:settings_schema.global.settings.header__shadow.content"
      },
      {
        "type": "range",
        "id": "text_boxes_shadow_opacity",
        "min": 0,
        "max": 100,
        "step": 5,
        "unit": "%",
        "label": "t:settings_schema.global.settings.opacity.label",
        "default": 0
      },
      {
        "type": "range",
        "id": "text_boxes_shadow_horizontal_offset",
        "min": -40,
        "max": 40,
        "step": 2,
        "unit": "px",
        "label": "t:settings_schema.global.settings.horizontal_offset.label",
        "default": 10
      },
      {
        "type": "range",
        "id": "text_boxes_shadow_vertical_offset",
        "min": -40,
        "max": 40,
        "step": 2,
        "unit": "px",
        "label": "t:settings_schema.global.settings.vertical_offset.label",
        "default": 12
      },
      {
        "type": "range",
        "id": "text_boxes_shadow_blur",
        "min": 0,
        "max": 40,
        "step": 5,
        "unit": "px",
        "label": "t:settings_schema.global.settings.blur.label",
        "default": 20
      }
    ]
  },
  {
    "name": "t:settings_schema.media.name",
    "settings": [
      {
        "type": "header",
        "content": "t:settings_schema.global.settings.header__border.content"
      },
      {
        "type": "range",
        "id": "media_border_thickness",
        "min": 0,
        "max": 24,
        "step": 1,
        "unit": "px",
        "label": "t:settings_schema.global.settings.thickness.label",
        "default": 0
      },
      {
        "type": "range",
        "id": "media_border_opacity",
        "min": 0,
        "max": 100,
        "step": 5,
        "unit": "%",
        "label": "t:settings_schema.global.settings.opacity.label",
        "default": 0
      },
      {
        "type": "range",
        "id": "media_radius",
        "min": 0,
        "max": 40,
        "step": 2,
        "unit": "px",
        "label": "t:settings_schema.global.settings.corner_radius.label",
        "default": 12
      },
      {
        "type": "header",
        "content": "t:settings_schema.global.settings.header__shadow.content"
      },
      {
        "type": "range",
        "id": "media_shadow_opacity",
        "min": 0,
        "max": 100,
        "step": 5,
        "unit": "%",
        "label": "t:settings_schema.global.settings.opacity.label",
        "default": 10
      },
      {
        "type": "range",
        "id": "media_shadow_horizontal_offset",
        "min": -40,
        "max": 40,
        "step": 2,
        "unit": "px",
        "label": "t:settings_schema.global.settings.horizontal_offset.label",
        "default": 10
      },
      {
        "type": "range",
        "id": "media_shadow_vertical_offset",
        "min": -40,
        "max": 40,
        "step": 2,
        "unit": "px",
        "label": "t:settings_schema.global.settings.vertical_offset.label",
        "default": 12
      },
      {
        "type": "range",
        "id": "media_shadow_blur",
        "min": 0,
        "max": 40,
        "step": 5,
        "unit": "px",
        "label": "t:settings_schema.global.settings.blur.label",
        "default": 20
      }
    ]
  },
  {
    "name": "t:settings_schema.popups.name",
    "settings": [
      {
        "type": "paragraph",
        "content": "t:settings_schema.popups.paragraph"
      },
      {
        "type": "header",
        "content": "t:settings_schema.global.settings.header__border.content"
      },
      {
        "type": "range",
        "id": "popup_border_thickness",
        "min": 0,
        "max": 24,
        "step": 1,
        "unit": "px",
        "label": "t:settings_schema.global.settings.thickness.label",
        "default": 1
      },
      {
        "type": "range",
        "id": "popup_border_opacity",
        "min": 0,
        "max": 100,
        "step": 5,
        "unit": "%",
        "label": "t:settings_schema.global.settings.opacity.label",
        "default": 10
      },
      {
        "type": "range",
        "id": "popup_corner_radius",
        "min": 0,
        "max": 40,
        "step": 2,
        "unit": "px",
        "label": "t:settings_schema.global.settings.corner_radius.label",
        "default": 22
      },
      {
        "type": "header",
        "content": "t:settings_schema.global.settings.header__shadow.content"
      },
      {
        "type": "range",
        "id": "popup_shadow_opacity",
        "min": 0,
        "max": 100,
        "step": 5,
        "unit": "%",
        "label": "t:settings_schema.global.settings.opacity.label",
        "default": 10
      },
      {
        "type": "range",
        "id": "popup_shadow_horizontal_offset",
        "min": -40,
        "max": 40,
        "step": 2,
        "unit": "px",
        "label": "t:settings_schema.global.settings.horizontal_offset.label",
        "default": 10
      },
      {
        "type": "range",
        "id": "popup_shadow_vertical_offset",
        "min": -40,
        "max": 40,
        "step": 2,
        "unit": "px",
        "label": "t:settings_schema.global.settings.vertical_offset.label",
        "default": 12
      },
      {
        "type": "range",
        "id": "popup_shadow_blur",
        "min": 0,
        "max": 40,
        "step": 5,
        "unit": "px",
        "label": "t:settings_schema.global.settings.blur.label",
        "default": 20
      }
    ]
  },
  {
    "name": "t:settings_schema.drawers.name",
    "settings": [
      {
        "type": "header",
        "content": "t:settings_schema.global.settings.header__border.content"
      },
      {
        "type": "range",
        "id": "drawer_border_thickness",
        "min": 0,
        "max": 24,
        "step": 1,
        "unit": "px",
        "label": "t:settings_schema.global.settings.thickness.label",
        "default": 1
      },
      {
        "type": "range",
        "id": "drawer_border_opacity",
        "min": 0,
        "max": 100,
        "step": 5,
        "unit": "%",
        "label": "t:settings_schema.global.settings.opacity.label",
        "default": 10
      },
      {
        "type": "header",
        "content": "t:settings_schema.global.settings.header__shadow.content"
      },
      {
        "type": "range",
        "id": "drawer_shadow_opacity",
        "min": 0,
        "max": 100,
        "step": 5,
        "unit": "%",
        "label": "t:settings_schema.global.settings.opacity.label",
        "default": 0
      },
      {
        "type": "range",
        "id": "drawer_shadow_horizontal_offset",
        "min": -40,
        "max": 40,
        "step": 2,
        "unit": "px",
        "label": "t:settings_schema.global.settings.horizontal_offset.label",
        "default": 0
      },
      {
        "type": "range",
        "id": "drawer_shadow_vertical_offset",
        "min": -40,
        "max": 40,
        "step": 2,
        "unit": "px",
        "label": "t:settings_schema.global.settings.vertical_offset.label",
        "default": 0
      },
      {
        "type": "range",
        "id": "drawer_shadow_blur",
        "min": 0,
        "max": 40,
        "step": 5,
        "unit": "px",
        "label": "t:settings_schema.global.settings.blur.label",
        "default": 0
      }
    ]
  },
  {
    "name": "t:settings_schema.facets_settings.name",
    "settings": [
      {
        "type": "header",
        "content": "t:settings_schema.facets_settings.settings.header.content"
      },
      {
        "type": "range",
        "id": "facets_desktop_header_font_size",
        "min": 10,
        "max": 32,
        "step": 1,
        "unit": "px",
        "label": "t:settings_schema.facets_settings.settings.facets_desktop_header_font_size.label",
        "default": 16
      },
      {
        "type": "range",
        "id": "facets_desktop_dropdown_header_font_size",
        "min": 10,
        "max": 32,
        "step": 1,
        "unit": "px",
        "label": "t:settings_schema.facets_settings.settings.facets_desktop_dropdown_header_font_size.label",
        "default": 14
      },
      {
        "type": "range",
        "id": "facets_desktop_dropdown_option_font_size",
        "min": 10,
        "max": 32,
        "step": 1,
        "unit": "px",
        "label": "t:settings_schema.facets_settings.settings.facets_desktop_dropdown_option_font_size.label",
        "default": 12
      },
      {
        "type": "range",
        "id": "active_facets_font_size",
        "min": 10,
        "max": 32,
        "step": 1,
        "unit": "px",
        "label": "t:settings_schema.facets_settings.settings.active_facets_font_size.label",
        "default": 12
      },
      {
        "type": "range",
        "id": "mobile_drawer_filter_font_size",
        "min": 10,
        "max": 32,
        "step": 1,
        "unit": "px",
        "label": "t:settings_schema.facets_settings.settings.mobile_drawer_filter_font_size.label",
        "default": 12
      },
      {
        "type": "header",
        "content": "t:settings_schema.facets_settings.settings.header__appearance.content"
      },
      {
        "type": "color",
        "id": "facets_color_primary",
        "label": "t:settings_schema.facets_settings.settings.facets_color_primary.label",
        "default": "#1D1A2D"
      },
      {
        "type": "color",
        "id": "facets_color_secondary",
        "label": "t:settings_schema.facets_settings.settings.facets_color_secondary.label",
        "default": "#686868"
      },
      {
        "type": "color",
        "id": "filter_drawer_background_color",
        "label": "t:settings_schema.facets_settings.settings.filter_drawer_background_color.label",
        "default": "#FFFFFF"
      },
      {
        "type": "color",
        "id": "filter_drawer_border_color",
        "label": "t:settings_schema.facets_settings.settings.filter_drawer_border_color.label",
        "default": "#000000"
      },
      {
        "type": "range",
        "id": "filter_drawer_border_color_opacity",
        "label": "t:settings_schema.facets_settings.settings.filter_drawer_border_color_opacity.label",
        "min": 0,
        "max": 100,
        "step": 1,
        "unit": "%",
        "default": 15
      },
      {
        "type": "range",
        "id": "filter_drawer_border_thickness",
        "label": "t:settings_schema.facets_settings.settings.filter_drawer_border_thickness.label",
        "min": 1,
        "max": 4,
        "step": 0.5,
        "unit": "px",
        "default": 1
      },
      {
        "type": "color",
        "id": "active_facets_background_color",
        "label": "t:settings_schema.facets_settings.settings.active_facets_background_color.label",
        "default": "#F6F6F6"
      },
      {
        "id": "active_facets_border_radius",
        "type": "range",
        "label": "t:settings_schema.facets_settings.settings.active_facets_border_radius.label",
        "min": 0,
        "max": 100,
        "step": 1,
        "unit": "px",
        "default": 3
      },
      {
        "type": "range",
        "id": "active_facets_border_color_opacity",
        "label": "t:settings_schema.facets_settings.settings.active_facets_border_color_opacity.label",
        "min": 0,
        "max": 100,
        "step": 1,
        "unit": "%",
        "default": 100
      },
      {
        "type": "color",
        "id": "active_facets_border_color",
        "label": "t:settings_schema.facets_settings.settings.active_facets_border_color.label",
        "default": "#EBEBEB"
      },
      {
        "type": "range",
        "id": "active_facets_border_thickness",
        "label": "t:settings_schema.facets_settings.settings.active_facets_border_thickness.label",
        "min": 0,
        "max": 4,
        "step": 0.5,
        "unit": "px",
        "default": 1
      },
      {
        "type": "range",
        "id": "mobile_drawer_filter_button_border_radius",
        "label": "t:settings_schema.facets_settings.settings.mobile_drawer_filter_button_border_radius.label",
        "min": 0,
        "max": 100,
        "step": 1,
        "unit": "px",
        "default": 6
      },
      {
        "type": "color",
        "id": "mobile_drawer_filter_button_background_color",
        "label": "t:settings_schema.facets_settings.settings.mobile_drawer_filter_button_background_color.label",
        "default": "#1D1A2D"
      },
      {
        "type": "color",
        "id": "mobile_drawer_filter_button_text_color",
        "label": "t:settings_schema.facets_settings.settings.mobile_drawer_filter_button_text_color.label",
        "default": "#ffffff"
      },
      {
        "type": "color",
        "id": "facets_checkbox_bg_color",
        "label": "t:settings_schema.facets_settings.settings.facets_checkbox_bg_color.label",
        "default": "#FFFFFF"
      },
      {
        "type": "color",
        "id": "facets_checkbox_inactive_border_color",
        "label": "t:settings_schema.facets_settings.settings.facets_checkbox_inactive_border_color.label",
        "default": "#686868"
      },
      {
        "type": "color",
        "id": "facets_checkbox_icon_color_gradient_1",
        "label": "t:settings_schema.facets_settings.settings.facets_checkbox_icon_color_gradient_1.label",
        "default": "#EA3885",
        "info": "t:settings_schema.facets_settings.settings.facets_checkbox_icon_color_gradient_1.info"
      },
      {
        "type": "color",
        "id": "facets_checkbox_icon_color_gradient_2",
        "label": "t:settings_schema.facets_settings.settings.facets_checkbox_icon_color_gradient_2.label",
        "default": "#5F4DBC",
        "info": "t:settings_schema.facets_settings.settings.facets_checkbox_icon_color_gradient_2.info"
      }
    ]
  },
  {
    "name": "t:settings_schema.cart.name",
    "settings": [
      {
        "type": "select",
        "id": "cart_type",
        "options": [
          {
            "value": "drawer",
            "label": "t:settings_schema.cart.settings.cart_type.drawer.label"
          },
          {
            "value": "page",
            "label": "t:settings_schema.cart.settings.cart_type.page.label"
          },
          {
            "value": "notification",
            "label": "t:settings_schema.cart.settings.cart_type.notification.label"
          }
        ],
        "default": "drawer",
        "label": "t:settings_schema.cart.settings.cart_type.label"
      },
      {
        "type": "checkbox",
        "id": "show_vendor",
        "label": "t:settings_schema.cart.settings.show_vendor.label",
        "default": false
      },
      {
        "type": "checkbox",
        "id": "show_cart_note",
        "label": "t:settings_schema.cart.settings.show_cart_note.label",
        "default": false
      },
      {
        "type": "header",
        "content": "t:settings_schema.cart.settings.cart_drawer.header"
      },
      {
        "type": "color",
        "id": "cart_drawer_background_color",
        "label": "t:settings_schema.cart.settings.cart_drawer_background_color.label",
        "default": "#FFFFFF"
      },
      {
        "type": "color",
        "id": "cart_drawer_text_color_primary",
        "label": "t:settings_schema.cart.settings.cart_drawer_text_color_primary.label",
        "default": "#1D1A2D"
      },
      {
        "type": "color",
        "id": "cart_drawer_text_color_secondary",
        "label": "t:settings_schema.cart.settings.cart_drawer_text_color_secondary.label",
        "default": "#686868"
      },
      {
        "type": "color",
        "id": "cart_drawer_border_color",
        "label": "t:settings_schema.cart.settings.cart_drawer_border_color.label",
        "default": "#E0E0E0"
      },
      {
        "type": "range",
        "id": "cart_drawer_border_color_opacity",
        "label": "t:settings_schema.cart.settings.cart_drawer_border_color_opacity.label",
        "min": 0,
        "max": 100,
        "step": 1,
        "unit": "%",
        "default": 100
      },
      {
        "type": "range",
        "id": "cart_drawer_border_thickness",
        "label": "t:settings_schema.cart.settings.cart_drawer_border_thickness.label",
        "min": 0,
        "max": 4,
        "step": 0.5,
        "unit": "px",
        "default": 1
      },
      {
        "type": "range",
        "id": "cart_drawer_image_border_radius",
        "label": "t:settings_schema.cart.settings.cart_drawer_image_border_radius.label",
        "min": 0,
        "max": 100,
        "step": 1,
        "unit": "px",
        "default": 6
      },
      {
        "type": "color",
        "id": "cart_drawer_quantity_text_color",
        "label": "t:settings_schema.cart.settings.cart_drawer_quantity_text_color.label",
        "default": "#111111"
      },
      {
        "type": "color",
        "id": "cart_drawer_quantity_color_primary",
        "label": "t:settings_schema.cart.settings.cart_drawer_quantity_color_primary.label",
        "default": "#F6F6F6"
      },
      {
        "type": "color",
        "id": "cart_drawer_quantity_color_secondary",
        "label": "t:settings_schema.cart.settings.cart_drawer_quantity_color_secondary.label",
        "default": "#FFFFFF"
      },
      {
        "type": "color",
        "id": "cart_drawer_quantity_border_color",
        "label": "t:settings_schema.cart.settings.cart_drawer_quantity_border_color.label",
        "default": "#EBEBEB"
      },
      {
        "type": "range",
        "id": "cart_drawer_quantity_border_thickness",
        "label": "t:settings_schema.cart.settings.cart_drawer_quantity_border_thickness.label",
        "min": 0,
        "max": 4,
        "step": 0.5,
        "unit": "px",
        "default": 1
      },
      {
        "type": "range",
        "id": "cart_drawer_quantity_border_color_opacity",
        "label": "t:settings_schema.cart.settings.cart_drawer_quantity_border_color_opacity.label",
        "min": 0,
        "max": 100,
        "step": 1,
        "unit": "%",
        "default": 100
      },
      {
        "type": "range",
        "id": "cart_drawer_quantity_border_radius",
        "label": "t:settings_schema.cart.settings.cart_drawer_quantity_border_radius.label",
        "min": 0,
        "max": 100,
        "step": 1,
        "unit": "px",
        "default": 6
      },
      {
        "type": "range",
        "id": "cart_drawer_quantity_button_border_radius",
        "label": "t:settings_schema.cart.settings.cart_drawer_quantity_button_border_radius.label",
        "min": 0,
        "max": 100,
        "step": 1,
        "unit": "px",
        "default": 3
      },
      {
        "type": "checkbox",
        "id": "show_cart_payment_badges",
        "label": "Show payment badges",
        "default": false
      },
      {
        "type": "range",
        "id": "payment_icons_image_size",
        "label": "Payment badges size",
        "min": 20,
        "max": 58,
        "step": 1,
        "unit": "px",
        "default": 30
      },
      {
        "type": "checkbox",
        "id": "use_product_compare_at_for_strikethrough",
        "label": "Use product's 'compare at' for strikethrough price",
        "info": "If checked, the strikethrough price uses the product's 'compare at' price. Otherwise, it uses the item's original price.",
        "default": false
      }
    ]
  },
  {
    "name": "t:settings_schema.payment_icons.name",
    "settings": [
      {
        "type": "text",
        "id": "cart_payment__items",
        "label": "t:settings_schema.payment_icons.settings.cart_payment__items.label",
        "info": "t:settings_schema.payment_icons.settings.cart_payment__items.info"
      }
    ]
  },
  {
    "name": "t:settings_schema.currency_format.name",
    "settings": [
      {
        "type": "header",
        "content": "t:settings_schema.currency_format.settings.content"
      },
      {
        "type": "paragraph",
        "content": "t:settings_schema.currency_format.settings.paragraph"
      },
      {
        "type": "checkbox",
        "id": "currency_code_enabled",
        "label": "t:settings_schema.currency_format.settings.currency_code_enabled.label",
        "default": false
      }
    ]
  },
  {
    "name": "t:settings_schema.pagination.name",
    "settings": [
      {
        "type": "range",
        "id": "pagination_font_size",
        "min": 10,
        "max": 40,
        "step": 1,
        "unit": "px",
        "label": "t:settings_schema.pagination.font_size",
        "default": 14
      },
      {
        "type": "range",
        "id": "pagination_size",
        "min": 24,
        "max": 64,
        "step": 1,
        "unit": "px",
        "label": "t:settings_schema.pagination.size",
        "default": 41
      },
      {
        "type": "color",
        "id": "pagination_color",
        "label": "t:settings_schema.pagination.text_color",
        "default": "#181818"
      },
      {
        "type": "color",
        "id": "pagination_background_color",
        "label": "t:settings_schema.pagination.background_color",
        "default": "#E0E0E0"
      },
      {
        "type": "checkbox",
        "id": "pagination_use_gradient_background",
        "label": "t:settings_schema.pagination.use_gradient_background",
        "default": false
      },
      {
        "type": "color_background",
        "id": "pagination_gradient_background",
        "label": "t:settings_schema.pagination.gradient_background",
        "default": "linear-gradient(180deg, #EA3885 0%, #5F4DBC 100%)",
        "info": "t:settings_schema.pagination.gradient_background_info"
      },
      {
        "type": "range",
        "id": "pagination_border_thickness",
        "min": 0,
        "max": 24,
        "step": 1,
        "unit": "px",
        "label": "t:settings_schema.pagination.border_thickness",
        "default": 1
      },
      {
        "type": "range",
        "id": "pagination_border_opacity",
        "min": 0,
        "max": 100,
        "step": 5,
        "unit": "%",
        "label": "t:settings_schema.pagination.border_opacity",
        "default": 10
      },
      {
        "type": "color",
        "id": "pagination_border_color",
        "label": "t:settings_schema.pagination.border_color",
        "default": "#E0E0E0"
      },
      {
        "type": "color",
        "id": "pagination_active_color",
        "label": "t:settings_schema.pagination.active_text_color",
        "default": "#ffffff"
      },
      {
        "type": "color",
        "id": "pagination_active_background_color",
        "label": "t:settings_schema.pagination.active_background_color",
        "default": "#EA3885"
      },
      {
        "type": "checkbox",
        "id": "pagination_use_gradient_active_background",
        "label": "t:settings_schema.pagination.use_gradient_active_background",
        "default": true
      },
      {
        "type": "color_background",
        "id": "pagination_gradient_active_background",
        "label": "t:settings_schema.pagination.gradient_active_background",
        "default": "linear-gradient(180deg, #EA3885 0%, #5F4DBC 100%)",
        "info": "t:settings_schema.pagination.gradient_active_background_info"
      },
      {
        "type": "range",
        "id": "pagination_border_radius",
        "min": 0,
        "max": 40,
        "step": 1,
        "unit": "px",
        "label": "t:settings_schema.pagination.border_radius",
        "default": 10
      }
    ]
  },
  {
    "name": "Help",
    "settings": [
      {
        "type": "paragraph",
        "content": "For support, email us at support@helloatlas.io"
      }
    ]
  }
]
