{"sections":{"main-collection-banner":{"type":"main-collection-banner","settings":{"show_collection_description":true,"show_collection_image":true,"title_size_desktop":28,"title_size_mobile":20,"description_size_desktop":14,"description_size_mobile":14,"title_color":"#ffffff","description_color":"#ffffff","gap_between_title_and_description":1,"color_scheme":"gradient-background-1","image_width":98,"image_height":90,"image_border_radius":6,"padding_top":20,"padding_bottom":20}},"main-collection-product-grid":{"type":"main-collection-product-grid","settings":{"products_per_page":16,"columns_desktop":4,"enable_filtering":true,"enable_sorting":true,"columns_mobile":"1","grid_gap_horizontal_desktop":20,"grid_gap_horizontal_mobile":10,"grid_gap_vertical_desktop":20,"grid_gap_vertical_mobile":10,"space_desktop_grid_and_filters":20,"space_mobile_grid_and_filters":20,"padding_top":36,"padding_bottom":36}}},"order":["main-collection-banner","main-collection-product-grid"]}