{"sections":{"main":{"type":"main-page","disabled":true,"settings":{"heading_size":40,"heading_mob_size":28,"heading_color":"#000000","padding_top":36,"padding_bottom":36}},"section_header_PDT7dN":{"type":"section-header","blocks":{"heading_KQQEmW":{"type":"heading","settings":{"heading":"Get in Toch <em>With Us<\/em>","size":35,"mobile_font_size":28,"color":"#ffffff","highlighted_color":"#000000","heading_use_gradient":false,"heading_gradient_color":"","padding_top_desktop":5,"padding_bottom_desktop":5,"padding_top_mobile":3,"padding_bottom_mobile":3}},"text_LTJmgx":{"type":"text","settings":{"text":"Discover the latest blog articles to learn more about Bolt Products. We cover topics from lifestyle, health, tips and more!","size":14,"size_mobile":14,"color":"#ffffff","highlighted_color":"#000000","text_use_gradient":false,"text_gradient_color":"","padding_top_desktop":5,"padding_bottom_desktop":5,"padding_top_mobile":3,"padding_bottom_mobile":3}}},"block_order":["heading_KQQEmW","text_LTJmgx"],"name":"Section header","settings":{"color_scheme":"gradient-background-1","padding_top":0,"padding_bottom":0}},"feature_icons_QYEdGX":{"type":"feature-icons","blocks":{"column_bTGJTF":{"type":"column","settings":{"icon":"","custom_icon_image":"shopify:\/\/shop_images\/Group_166541_1.png","title":"","text":"<p>Worldwide Shipping<\/p><p><\/p>","icon_heading_font_size":24,"icon_heading_color":"#000000","icon_bolded_heading_color":"#000000","column_text_size":16,"column_text_color":"#000000","column_text_highlighted_color":"#000000","custom_icon_color":"#000000"}},"column_6jqP8Y":{"type":"column","settings":{"icon":"","custom_icon_image":"shopify:\/\/shop_images\/Group_166607.png","title":"","text":"<p>24\/7 Support<\/p><p><\/p>","icon_heading_font_size":24,"icon_heading_color":"#000000","icon_bolded_heading_color":"#000000","column_text_size":16,"column_text_color":"#000000","column_text_highlighted_color":"#000000","custom_icon_color":"#000000"}},"column_VAnLJ6":{"type":"column","settings":{"icon":"","custom_icon_image":"shopify:\/\/shop_images\/Group_166608.png","title":"","text":"<p>Verified quality only<\/p><p><\/p>","icon_heading_font_size":24,"icon_heading_color":"#000000","icon_bolded_heading_color":"#000000","column_text_size":16,"column_text_color":"#000000","column_text_highlighted_color":"#000000","custom_icon_color":"#000000"}},"column_jX7G7U":{"type":"column","settings":{"icon":"","custom_icon_image":"shopify:\/\/shop_images\/Group_166610.png","title":"","text":"<p>Hassle-free returns<\/p><p><\/p>","icon_heading_font_size":24,"icon_heading_color":"#000000","icon_bolded_heading_color":"#000000","column_text_size":16,"column_text_color":"#000000","column_text_highlighted_color":"#000000","custom_icon_color":"#000000"}}},"block_order":["column_bTGJTF","column_6jqP8Y","column_VAnLJ6","column_jX7G7U"],"name":"Icon guarantees","settings":{"title":"","text":"","columns_desktop":4,"padding_horizontal_desktop":50,"columns_mobile":"2","heading_size":20,"heading_mob_size":28,"heading_color":"#000000","bolded_heading_color":"#000000","heading_use_gradient":false,"heading_gradient_color":"","body_size":16,"body_color":"#000000","bolded_body_color":"#000000","icon_size":"medium","swipe_on_mobile":false,"background_style":"primary","card_color_scheme":"accent-2","color_scheme":"accent-1","padding_top":24,"padding_bottom":24}},"contact_form_6h4eXE":{"type":"contact-form","settings":{"heading":"Contact <strong>Us<\/strong>","heading_alignment":"left","image_first_desktop":false,"content_gap_desktop":20,"content_gap_mobile":14,"space_between_heading_and_form_desktop":20,"space_between_heading_and_form_mobile":14,"content_align_desktop":"flex-start","content_align_mobile":"flex-start","contact_image_width_desktop":500,"contact_image_border_radius":10,"heading_font_size":40,"heading_mob_font_size":28,"heading_color":"#000000","bolded_heading_color":"#000000","heading_use_gradient":true,"heading_gradient_color":"linear-gradient(180deg, rgba(251, 51, 166, 1), rgba(127, 72, 176, 1) 50%, rgba(48, 145, 211, 1) 100%)","color_scheme":"accent-1","input_background_color":"#f9f9f9","input_text_color":"#1d1a2d","placeholder_color":"#000000","input_border_radius":6,"input_border":false,"borders_color":"#000000","borders_opacity":10,"button_text":"Send Message","button_full_width":true,"button_font_size":12,"button_background_color":"#484848","button_text_color":"#ffffff","button_border_radius":6,"button_padding_horizontal":24,"button_padding_vertical":8,"padding_top":24,"padding_bottom":24}}},"order":["main","section_header_PDT7dN","feature_icons_QYEdGX","contact_form_6h4eXE"]}