{"sections":{"main":{"type":"main-page","disabled":true,"settings":{"heading_size":40,"heading_mob_size":28,"heading_color":"#000000","padding_top":36,"padding_bottom":36}},"rich_text_zi4Lp6":{"type":"rich-text","settings":{"content_alignment":"center","color_scheme":"accent-2","padding_top":100,"padding_bottom":100}},"collapsible_content_tKinUG":{"type":"collapsible-content","settings":{"heading":"Product Based Questions","desktop_layout":"image_first","image_ratio":"adapt","heading_alignment":"left","color_scheme":"accent-1","padding_top":36,"padding_bottom":36}},"newsletter_grwAzJ":{"type":"newsletter","blocks":{"heading_AjD8kP":{"type":"heading","settings":{"heading":"Subscribe Newsletter","mobile_font_size":29,"heading_text":"#383838"}},"paragraph_WDfNnE":{"type":"paragraph","settings":{"text":"<p>Enter your email below for daily updates.<\/p>","body_text":"#000000"}},"email_form_9ECfJX":{"type":"email_form","settings":{}}},"block_order":["heading_AjD8kP","paragraph_WDfNnE","email_form_9ECfJX"],"settings":{"full_width":true,"color_scheme":"accent-1","padding_top":40,"padding_bottom":52}}},"order":["main","rich_text_zi4Lp6","collapsible_content_tKinUG","newsletter_grwAzJ"]}