{"sections":{"main":{"type":"main-product","blocks":{"product-gallery":{"type":"_product-gallery","static":true,"settings":{"gallery_layout":"thumbnail_slider","enable_sticky_info":true,"image_zoom":"none","full_width_gallery_mobile":false,"media_size":"small","mobile_thumbnails":"show","enable_video_looping":false,"show_gallery_nav_buttons":true,"show_button_navigation_mobile":true,"nav_button_size":41,"nav_button_bg_color":"#ffffff","nav_button_hover_bg_color":"#ffffff","nav_button_border_color":"#c9c9c9","nav_button_hover_border_color":"#999999","nav_button_icon_color":"#000000","nav_button_hover_icon_color":"#333333","slider_counter_font_size":12,"slider_counter_color":"#000000","slider_counter_active_color":"#000000"},"blocks":{"product-media":{"type":"_product-media","static":true,"settings":{"media_fit":"cover","media_border_radius":6,"media_border_radius_mobile":6,"mobile_media_ratio":"square","mobile_media_height":"large","media_badge_position":"top-right","media_badge_size":"medium"},"blocks":{}},"product-thumbnails":{"type":"_product-thumbnails","static":true,"settings":{"show_navigation_buttons":false,"mobile_thumb_size":"small","active_thumbnail_border_width":1,"thumbnail_border_radius":10,"active_thumbnail_border_color":"#000000"},"blocks":{"product-thumbnails-dots":{"type":"_product-thumbnails-dots","static":true,"settings":{"max_dots_visible":6,"dots_size":10,"dots_color":"#c9c9c9","dots_active_color":"#000000"},"blocks":{}}},"block_order":[]}},"block_order":[]},"product-information":{"type":"_product-information","static":true,"settings":{},"blocks":{"rating_HYWfzY":{"type":"rating","name":"Product Rating","settings":{"rating_alignment":"flex-start","padding_top":3,"padding_bottom":3,"padding_top_mobile":12,"padding_bottom_mobile":3},"blocks":{"rating_profile_images":{"type":"_rating_profile_images","static":true,"settings":{"profile_image_size":21,"profile_image_border_width":1,"profile_image_overlap":8,"profile_image_border_color":"#ffffff"},"blocks":{"profile_images_list":{"type":"_profile_images_list","static":true,"settings":{},"blocks":{}}},"block_order":[]},"rating_content":{"type":"_rating_content","static":true,"settings":{"rating_text":"<p><strong>{rating_value}<\/strong> | <strong>{num}<\/strong> Customers <\/p>","product_rating":4.8,"rating_text_font_size":13,"rating_text_mob_font_size":12,"rating_text_color":"#ffffff","rating_container_background":"#e52d87","is_rating_container_gradient":false,"rating_container_gradient_color":"linear-gradient(160deg, rgba(229,45,135, 1) 0%, rgba(86,42,115, 1) 100%)","rating_container_border_radius":2,"rating_container_vertical_padding":4,"star_size":12,"stars_color":"#ffffff","stars_background_color":"#ffffff","stars_gap":0,"stars_margin":8},"blocks":{}}},"block_order":[]},"title_9cUzFz":{"type":"title","name":"Product Title","settings":{"title_alignment":"left","mobile_title_alignment":"left","font_size":28,"mobile_font_size":22,"title_color":"#000000","uppercase_title":false,"padding_top":4,"padding_bottom":2,"padding_top_mobile":0,"padding_bottom_mobile":0},"blocks":{}},"text_DHFDL8":{"type":"text","name":"Text Block","settings":{"text":"NEW: This year's **Must-Have** Playtime Companion","font_size":12,"padding_top":0,"padding_bottom":0,"padding_top_mobile":0,"padding_bottom_mobile":0},"blocks":{}},"price_rNLTVV":{"type":"price","name":"Product Price","settings":{"layout":"price_first","price_gap":8,"regular_font_size":22,"main_price_color":"#000000","compare_price_font_size":18,"compare_price_color":"#000000","padding_top":6,"padding_bottom":6,"padding_top_mobile":0,"padding_bottom_mobile":0},"blocks":{"price_badge":{"type":"_price_badge","static":true,"settings":{"sale_badge_font_size":12,"sale_badge_height":20,"sale_badge_padding":8},"blocks":{}},"price_unit_price":{"type":"_price_unit_price","static":true,"settings":{"show_unit_price":true,"unit_price_font_size":12,"unit_price_color":"#000000"},"blocks":{}}},"block_order":[]},"bullet_point_benefits_L9Ekdy":{"type":"bullet-point-benefits","name":"Product Features","settings":{"display_layout":"pills_column_2","column_gap":8,"pill_background":"#ffffff","pill_text_color":"#000000","pill_border_color":"#e52d87","pill_border_radius":40,"pill_font_size":12,"pill_font_weight":500,"pill_padding_horizontal":8,"pill_padding_vertical":2,"body_font_size":14,"text_color":"#136ea2","text_highlighted_color":"#136ea2","emoji_size":18,"emoji_color":"#e52d87","padding_top":6,"padding_bottom":6,"padding_top_mobile":8,"padding_bottom_mobile":0},"blocks":{"bullet-point-benefits-list":{"type":"_bullet-point-benefits-list","static":true,"settings":{"point_1":"Interactive Fun","icon_1":"<svg xmlns=\"http:\/\/www.w3.org\/2000\/svg\" height=\"24px\" viewbox=\"0 -960 960 960\" width=\"24px\" fill=\"#1f1f1f\"><path d=\"m424-296 282-282-56-56-226 226-114-114-56 56 170 170Zm56 216q-83 0-156-31.5T197-197q-54-54-85.5-127T80-480q0-83 31.5-156T197-763q54-54 127-85.5T480-880q83 0 156 31.5T763-763q54 54 85.5 127T880-480q0 83-31.5 156T763-197q-54 54-127 85.5T480-80Zm0-80q134 0 227-93t93-227q0-134-93-227t-227-93q-134 0-227 93t-93 227q0 134 93 227t227 93Zm0-320Z\"><\/path><\/svg>","point_2":"Rechargeable Design","icon_2":"<svg xmlns=\"http:\/\/www.w3.org\/2000\/svg\" height=\"24px\" viewbox=\"0 -960 960 960\" width=\"24px\" fill=\"#1f1f1f\"><path d=\"m424-296 282-282-56-56-226 226-114-114-56 56 170 170Zm56 216q-83 0-156-31.5T197-197q-54-54-85.5-127T80-480q0-83 31.5-156T197-763q54-54 127-85.5T480-880q83 0 156 31.5T763-763q54 54 85.5 127T880-480q0 83-31.5 156T763-197q-54 54-127 85.5T480-80Zm0-80q134 0 227-93t93-227q0-134-93-227t-227-93q-134 0-227 93t-93 227q0 134 93 227t227 93Zm0-320Z\"><\/path><\/svg>","point_3":"Realistic Sounds","icon_3":"<svg xmlns=\"http:\/\/www.w3.org\/2000\/svg\" height=\"24px\" viewbox=\"0 -960 960 960\" width=\"24px\" fill=\"#1f1f1f\"><path d=\"m424-296 282-282-56-56-226 226-114-114-56 56 170 170Zm56 216q-83 0-156-31.5T197-197q-54-54-85.5-127T80-480q0-83 31.5-156T197-763q54-54 127-85.5T480-880q83 0 156 31.5T763-763q54 54 85.5 127T880-480q0 83-31.5 156T763-197q-54 54-127 85.5T480-80Zm0-80q134 0 227-93t93-227q0-134-93-227t-227-93q-134 0-227 93t-93 227q0 134 93 227t227 93Zm0-320Z\"><\/path><\/svg>","point_4":"Safe Materials","icon_4":"<svg xmlns=\"http:\/\/www.w3.org\/2000\/svg\" height=\"24px\" viewbox=\"0 -960 960 960\" width=\"24px\" fill=\"#1f1f1f\"><path d=\"m424-296 282-282-56-56-226 226-114-114-56 56 170 170Zm56 216q-83 0-156-31.5T197-197q-54-54-85.5-127T80-480q0-83 31.5-156T197-763q54-54 127-85.5T480-880q83 0 156 31.5T763-763q54 54 85.5 127T880-480q0 83-31.5 156T763-197q-54 54-127 85.5T480-80Zm0-80q134 0 227-93t93-227q0-134-93-227t-227-93q-134 0-227 93t-93 227q0 134 93 227t227 93Zm0-320Z\"><\/path><\/svg>","point_5":"","icon_5":"<svg xmlns=\"http:\/\/www.w3.org\/2000\/svg\" height=\"24px\" viewbox=\"0 -960 960 960\" width=\"24px\" fill=\"#1f1f1f\"><path d=\"m424-296 282-282-56-56-226 226-114-114-56 56 170 170Zm56 216q-83 0-156-31.5T197-197q-54-54-85.5-127T80-480q0-83 31.5-156T197-763q54-54 127-85.5T480-880q83 0 156 31.5T763-763q54 54 85.5 127T880-480q0 83-31.5 156T763-197q-54 54-127 85.5T480-80Zm0-80q134 0 227-93t93-227q0-134-93-227t-227-93q-134 0-227 93t-93 227q0 134 93 227t227 93Zm0-320Z\"><\/path><\/svg>","point_6":"","icon_6":"<svg xmlns=\"http:\/\/www.w3.org\/2000\/svg\" height=\"24px\" viewbox=\"0 -960 960 960\" width=\"24px\" fill=\"#1f1f1f\"><path d=\"m424-296 282-282-56-56-226 226-114-114-56 56 170 170Zm56 216q-83 0-156-31.5T197-197q-54-54-85.5-127T80-480q0-83 31.5-156T197-763q54-54 127-85.5T480-880q83 0 156 31.5T763-763q54 54 85.5 127T880-480q0 83-31.5 156T763-197q-54 54-127 85.5T480-80Zm0-80q134 0 227-93t93-227q0-134-93-227t-227-93q-134 0-227 93t-93 227q0 134 93 227t227 93Zm0-320Z\"><\/path><\/svg>","point_7":"","icon_7":"<svg xmlns=\"http:\/\/www.w3.org\/2000\/svg\" height=\"24px\" viewbox=\"0 -960 960 960\" width=\"24px\" fill=\"#1f1f1f\"><path d=\"m424-296 282-282-56-56-226 226-114-114-56 56 170 170Zm56 216q-83 0-156-31.5T197-197q-54-54-85.5-127T80-480q0-83 31.5-156T197-763q54-54 127-85.5T480-880q83 0 156 31.5T763-763q54 54 85.5 127T880-480q0 83-31.5 156T763-197q-54 54-127 85.5T480-80Zm0-80q134 0 227-93t93-227q0-134-93-227t-227-93q-134 0-227 93t-93 227q0 134 93 227t227 93Zm0-320Z\"><\/path><\/svg>","point_8":"","icon_8":"<svg xmlns=\"http:\/\/www.w3.org\/2000\/svg\" height=\"24px\" viewbox=\"0 -960 960 960\" width=\"24px\" fill=\"#1f1f1f\"><path d=\"m424-296 282-282-56-56-226 226-114-114-56 56 170 170Zm56 216q-83 0-156-31.5T197-197q-54-54-85.5-127T80-480q0-83 31.5-156T197-763q54-54 127-85.5T480-880q83 0 156 31.5T763-763q54 54 85.5 127T880-480q0 83-31.5 156T763-197q-54 54-127 85.5T480-80Zm0-80q134 0 227-93t93-227q0-134-93-227t-227-93q-134 0-227 93t-93 227q0 134 93 227t227 93Zm0-320Z\"><\/path><\/svg>","point_9":"","icon_9":"<svg xmlns=\"http:\/\/www.w3.org\/2000\/svg\" height=\"24px\" viewbox=\"0 -960 960 960\" width=\"24px\" fill=\"#1f1f1f\"><path d=\"m424-296 282-282-56-56-226 226-114-114-56 56 170 170Zm56 216q-83 0-156-31.5T197-197q-54-54-85.5-127T80-480q0-83 31.5-156T197-763q54-54 127-85.5T480-880q83 0 156 31.5T763-763q54 54 85.5 127T880-480q0 83-31.5 156T763-197q-54 54-127 85.5T480-80Zm0-80q134 0 227-93t93-227q0-134-93-227t-227-93q-134 0-227 93t-93 227q0 134 93 227t227 93Zm0-320Z\"><\/path><\/svg>","point_10":"","icon_10":"<svg xmlns=\"http:\/\/www.w3.org\/2000\/svg\" height=\"24px\" viewbox=\"0 -960 960 960\" width=\"24px\" fill=\"#1f1f1f\"><path d=\"m424-296 282-282-56-56-226 226-114-114-56 56 170 170Zm56 216q-83 0-156-31.5T197-197q-54-54-85.5-127T80-480q0-83 31.5-156T197-763q54-54 127-85.5T480-880q83 0 156 31.5T763-763q54 54 85.5 127T880-480q0 83-31.5 156T763-197q-54 54-127 85.5T480-80Zm0-80q134 0 227-93t93-227q0-134-93-227t-227-93q-134 0-227 93t-93 227q0 134 93 227t227 93Zm0-320Z\"><\/path><\/svg>","point_11":"","icon_11":"<svg xmlns=\"http:\/\/www.w3.org\/2000\/svg\" height=\"24px\" viewbox=\"0 -960 960 960\" width=\"24px\" fill=\"#1f1f1f\"><path d=\"m424-296 282-282-56-56-226 226-114-114-56 56 170 170Zm56 216q-83 0-156-31.5T197-197q-54-54-85.5-127T80-480q0-83 31.5-156T197-763q54-54 127-85.5T480-880q83 0 156 31.5T763-763q54 54 85.5 127T880-480q0 83-31.5 156T763-197q-54 54-127 85.5T480-80Zm0-80q134 0 227-93t93-227q0-134-93-227t-227-93q-134 0-227 93t-93 227q0 134 93 227t227 93Zm0-320Z\"><\/path><\/svg>","point_12":"","icon_12":"<svg xmlns=\"http:\/\/www.w3.org\/2000\/svg\" height=\"24px\" viewbox=\"0 -960 960 960\" width=\"24px\" fill=\"#1f1f1f\"><path d=\"m424-296 282-282-56-56-226 226-114-114-56 56 170 170Zm56 216q-83 0-156-31.5T197-197q-54-54-85.5-127T80-480q0-83 31.5-156T197-763q54-54 127-85.5T480-880q83 0 156 31.5T763-763q54 54 85.5 127T880-480q0 83-31.5 156T763-197q-54 54-127 85.5T480-80Zm0-80q134 0 227-93t93-227q0-134-93-227t-227-93q-134 0-227 93t-93 227q0 134 93 227t227 93Zm0-320Z\"><\/path><\/svg>"},"blocks":{}}},"block_order":[]},"divider_XjYQhi":{"type":"divider","name":"Divider","settings":{"divider_height":1,"divider_color":"#000000","divider_opacity":20,"padding_top":10,"padding_bottom":10,"padding_top_mobile":10,"padding_bottom_mobile":10},"blocks":{}},"variant_picker_cca4P7":{"type":"variant_picker","name":"Variant Picker","settings":{"enable_color_swatches":true,"picker_type":"button","custom_swatch_option_name":"Color","color_swatch_type":"image","swatch_size":"6rem","swatch_type":"circle","variants_custom_color":"#000000","pills_border_radius":70,"pills_font_size":14,"pills_vertical_spacing":10,"pills_horizontal_spacing":15,"pills_background_color":"#f6f6f6","pills_selected_background_color":"#000000","pills_text_color":"#000000","pills_selected_text_color":"#ffffff","padding_top":0,"padding_bottom":12,"padding_top_mobile":0,"padding_bottom_mobile":0},"blocks":{}},"quantity_selector_BqH8Bi":{"type":"quantity_selector","name":"Buy buttons","settings":{"add_to_cart_full_width":true,"show_buy_now_button":false,"padding_top":6,"padding_bottom":6,"padding_top_mobile":6,"padding_bottom_mobile":6},"blocks":{"quantity_label":{"type":"_quantity_label","static":true,"settings":{"quantity_label_font_size":14,"quantity_label_color":"#000000","subtotal_font_size":12,"subtotal_color":"#666666"},"blocks":{}},"inventory_quantity":{"type":"_inventory_quantity","static":true,"settings":{"inventory_threshold":10,"show_inventory_quantity":true,"inventory_status_color":"#1d1a2d","inventory_status_color_low":"#ee9441","inventory_status_color_in_stock":"#1b9139","stock_indicator_font_size":12,"stock_dot_size":14},"blocks":{}},"quantity_form":{"type":"_quantity_form","static":true,"settings":{"border_radius":6,"button_border_radius":3,"background_color":"#f6f6f6","border_color":"#ebebeb","text_color":"#111111","button_icon_color":"#111111","button_background_color":"#ffffff"},"blocks":{}},"add_to_cart_button":{"type":"_add_to_cart_button","static":true,"settings":{"add_to_cart_text":"Add to cart","button_font_size":14,"uppercase_text":false,"text_color":"#ffffff","bg_color":"#1d1a2d","border_radius":6},"blocks":{}},"buy_now_button":{"type":"_buy_now_button","static":true,"settings":{"buy_now_text":"Buy now","buy_now_button_font_size":14,"buy_now_button_font_weight":400,"buy_now_uppercase_text":false,"buy_now_text_color":"#ffffff","buy_now_bg_color":"#000000","buy_now_border_radius":6,"padding_top":6,"padding_bottom":6,"padding_top_mobile":6,"padding_bottom_mobile":6},"blocks":{}}},"block_order":[]},"social_proof_t6FNkr":{"type":"social_proof","name":"Social Proof","settings":{"purchase_text":"Sarah and 438 people purchased","text_color":"#1d1a2d","font_size":12,"padding_top":0,"padding_bottom":0,"padding_top_mobile":0,"padding_bottom_mobile":0},"blocks":{"rating_profile_images":{"type":"_rating_profile_images","static":true,"settings":{"profile_image_size":21,"profile_image_border_width":1,"profile_image_overlap":8,"profile_image_border_color":"#ffffff"},"blocks":{"profile_images_list":{"type":"_profile_images_list","static":true,"settings":{},"blocks":{}}},"block_order":[]}},"block_order":[]},"payment_badges_mdNTxn":{"type":"payment_badges","name":"Payment Badges","settings":{"use_shopify_dynamic_payment_icons":true,"image_layout":"center","custom_image_size":80,"custom_image_size_mobile":80,"payment_icons_image_size":40,"payment_icons_image_size_mobile":30,"padding_top":4,"padding_bottom":4,"padding_top_mobile":4,"padding_bottom_mobile":4},"blocks":{}},"payment_badges_yf76Lm":{"type":"payment_badges","name":"Payment Badges","settings":{"use_shopify_dynamic_payment_icons":false,"image_layout":"center","custom_image_size":100,"custom_image_size_mobile":80,"payment_icons_image_size":28,"payment_icons_image_size_mobile":24,"padding_top":0,"padding_bottom":0,"padding_top_mobile":0,"padding_bottom_mobile":0},"blocks":{}},"icon_with_text_UYemba":{"type":"icon-with-text","name":"Icon Highlights","settings":{"heading_1":"Safe Payment","icon_1":"<svg xmlns=\"http:\/\/www.w3.org\/2000\/svg\" height=\"24px\" viewbox=\"0 -960 960 960\" width=\"24px\" fill=\"#e3e3e3\"><path d=\"M444-200h70v-50q50-9 86-39t36-89q0-42-24-77t-96-61q-60-20-83-35t-23-41q0-26 18.5-41t53.5-15q32 0 50 15.5t26 38.5l64-26q-11-35-40.5-61T516-710v-50h-70v50q-50 11-78 44t-28 74q0 47 27.5 76t86.5 50q63 23 87.5 41t24.5 47q0 33-23.5 48.5T486-314q-33 0-58.5-20.5T390-396l-66 26q14 48 43.5 77.5T444-252v52Zm36 120q-83 0-156-31.5T197-197q-54-54-85.5-127T80-480q0-83 31.5-156T197-763q54-54 127-85.5T480-880q83 0 156 31.5T763-763q54 54 85.5 127T880-480q0 83-31.5 156T763-197q-54 54-127 85.5T480-80Zm0-80q134 0 227-93t93-227q0-134-93-227t-227-93q-134 0-227 93t-93 227q0 134 93 227t227 93Zm0-320Z\"><\/path><\/svg>","heading_2":"Free Shipping","icon_2":"<svg xmlns=\"http:\/\/www.w3.org\/2000\/svg\" height=\"24px\" viewbox=\"0 -960 960 960\" width=\"24px\" fill=\"#1f1f1f\"><path d=\"M852-212 732-332l56-56 120 120-56 56ZM708-692l-56-56 120-120 56 56-120 120Zm-456 0L132-812l56-56 120 120-56 56ZM108-212l-56-56 120-120 56 56-120 120Zm246-75 126-76 126 77-33-144 111-96-146-13-58-136-58 135-146 13 111 97-33 143ZM233-120l65-281L80-590l288-25 112-265 112 265 288 25-218 189 65 281-247-149-247 149Zm247-361Z\"><\/path><\/svg>","heading_3":"Fast Delivery","icon_3":"<svg xmlns=\"http:\/\/www.w3.org\/2000\/svg\" height=\"24px\" viewbox=\"0 -960 960 960\" width=\"24px\" fill=\"#e3e3e3\"><path d=\"M280-160q-50 0-85-35t-35-85H60l18-80h113q17-19 40-29.5t49-10.5q26 0 49 10.5t40 29.5h167l84-360H182l4-17q6-28 27.5-45.5T264-800h456l-37 160h117l120 160-40 200h-80q0 50-35 85t-85 35q-50 0-85-35t-35-85H400q0 50-35 85t-85 35Zm357-280h193l4-21-74-99h-95l-28 120Zm-19-273 2-7-84 360 2-7 34-146 46-200ZM20-427l20-80h220l-20 80H20Zm80-146 20-80h260l-20 80H100Zm180 333q17 0 28.5-11.5T320-280q0-17-11.5-28.5T280-320q-17 0-28.5 11.5T240-280q0 17 11.5 28.5T280-240Zm400 0q17 0 28.5-11.5T720-280q0-17-11.5-28.5T680-320q-17 0-28.5 11.5T640-280q0 17 11.5 28.5T680-240Z\"><\/path><\/svg>","layout_direction":"horizontal","text_color":"#000000","font_size":12,"custom_icon_color":"#000000","icon_size":18,"padding_top":10,"padding_bottom":10,"padding_top_mobile":10,"padding_bottom_mobile":10},"blocks":{}},"reviews_N963dq":{"type":"reviews","name":"Product Reviews","settings":{"show_review_count":true,"reviewer_name_font_size":14,"location_font_size":12,"review_text_font_size":12,"reviews_text_color":"#ffffff","review_text_line_height":23,"review_count_font_size":12,"review_count_color":"#000000","review_card_background":"#e52d87","enable_review_card_gradient_background":false,"review_card_gradient_background":"linear-gradient(180deg, rgba(229,45,135, 1) 0%, rgba(86,42,115, 1) 100%)","review_divider_color":"#000000","dot_active_color":"#000000","dot_inactive_color":"#d9d9d9","star_size":12,"mini_review_stars_color":"#ffffff","review_card_border_radius":6,"review_card_padding_horizontal_desktop":23,"review_card_padding_vertical_desktop":18,"review_card_padding_horizontal_mobile":18,"review_card_padding_vertical_mobile":12,"stars_gap":1,"dots_gap":4,"review_card_gap":18,"dot_size":8,"padding_top":10,"padding_bottom":10,"padding_top_mobile":10,"padding_bottom_mobile":10},"blocks":{"reviews_item_list":{"type":"_reviews_item_list","disabled":true,"static":true,"settings":{"item_author_1":"Sarah K.","item_author_location_1":"Los Angeles","item_text_1":"Insert review here","item_rating_1":5,"item_author_2":"Sarah K.","item_author_location_2":"Los Angeles","item_text_2":"Insert review here","item_rating_2":5,"item_author_3":"Sarah K.","item_author_location_3":"Los Angeles","item_text_3":"Insert review here","item_rating_3":5,"item_author_4":"Sarah K.","item_author_location_4":"Los Angeles","item_text_4":"Insert review here","item_rating_4":5,"item_author_5":"","item_author_location_5":"","item_text_5":"","item_rating_5":5,"item_author_6":"","item_author_location_6":"","item_text_6":"","item_rating_6":5,"item_author_7":"","item_author_location_7":"","item_text_7":"","item_rating_7":5,"item_author_8":"","item_author_location_8":"","item_text_8":"","item_rating_8":5,"item_author_9":"","item_author_location_9":"","item_text_9":"","item_rating_9":5,"item_author_10":"","item_author_location_10":"","item_text_10":"","item_rating_10":5,"item_author_11":"","item_author_location_11":"","item_text_11":"","item_rating_11":5,"item_author_12":"","item_author_location_12":"","item_text_12":"","item_rating_12":5},"blocks":{}}},"block_order":[]},"collapsible_tabs_e8Hyd8":{"type":"collapsible_tabs","name":"Collapsible tabs","settings":{"padding_top":10,"padding_bottom":10,"padding_top_mobile":10,"padding_bottom_mobile":10},"blocks":{"collapsible_tab_mjFUL7":{"type":"_collapsible_tab","name":"Collapsible Tab","settings":{"heading":"Description","content":"<p>Ignite your cat's playful instincts with this adorable interactive toy, designed to mimic a chirping bird. Rechargeable and engaging, it's perfect for hunting or cuddling, bringing hours of joy to your furry friend.<ul><li>Rechargeable for endless fun<\/li><li>Realistic bird sounds and movements<\/li><li>Safe materials for playful biting<\/li><li>Cute design enhances playtime experience<\/li><\/ul><\/p>","collapsible_font_heading_size":16,"collapsible_font_size":12,"coll_heading_color":"#000000","coll_heading_highlighted_color":"#000000","coll_text_color":"#000000","coll_text_highlighted_color":"#000000","collapsible_border_radius":20},"blocks":{}},"collapsible_tab_fmGN3m":{"type":"_collapsible_tab","name":"Collapsible Tab","settings":{"heading":"Most Common Questions","content":"<p><b>Question 1:<\/b> How does the toy activate and what features does it have?<br\/><b>Answer 1:<\/b> The toy is activated by your cat's touch, featuring realistic flapping wings and chirping sounds that mimic a real bird. It has three modes to enhance playtime and stimulate your cat's hunting instincts.<br\/><br\/><b>Question 2:<\/b> Is the toy safe for my pet?<br\/><b>Answer 2:<\/b> Yes, the toy is made from soft and safe materials, ensuring your cat can play comfortably. Plus, it includes a replaceable cover design that allows for easy maintenance and safety checks.<br\/><br\/><b>Question 3:<\/b> How long does the battery last and how do I recharge it?<br\/><b>Answer 3:<\/b> The toy is powered by a rechargeable lithium battery with a capacity of 500mAh. The rechargeable feature means you can easily charge it via USB for uninterrupted fun.<\/p>","collapsible_font_heading_size":16,"collapsible_font_size":12,"coll_heading_color":"#000000","coll_heading_highlighted_color":"#000000","coll_text_color":"#000000","coll_text_highlighted_color":"#000000","collapsible_border_radius":20},"blocks":{}},"collapsible_tab_6gizn9":{"type":"_collapsible_tab","name":"Collapsible Tab","settings":{"heading":"Processing & Shipping","content":"<p>We offer Free Express Shipping on all orders! Please allow 1-2 Business Days for us to process and ship your order. Estimated Arrival Time: 7-12 business days.<\/p>","collapsible_font_heading_size":16,"collapsible_font_size":12,"coll_heading_color":"#000000","coll_heading_highlighted_color":"#000000","coll_text_color":"#000000","coll_text_highlighted_color":"#000000","collapsible_border_radius":20},"blocks":{}}},"block_order":["collapsible_tab_mjFUL7","collapsible_tab_fmGN3m","collapsible_tab_6gizn9"]},"sticky_atc_dyxKah":{"type":"sticky_atc","name":"Sticky Add to Cart","settings":{"button_label":"Add to cart","color_scheme":"gradient-background-1","border_radius":6,"close_button_size":10,"close_button_color":"#000000","display_when":"after_scroll","show_price_badge":true,"show_variant_selector":true,"show_only_atc_button_on_mobile":false,"show_close_button":true,"show_price":true,"show_compare_at_price":true,"title_size":15,"product_title_color":"#ffffff","option_size":12,"product_option_color":"#ffffff","price_size":18,"price_color":"#ffffff","comp_price_size":14,"compare_price_color":"#fdfdfd","bold_sticky_atc_text":false,"button_font_size":12,"button_text_color":"#ffffff","button_bg_color":"#1d1a2d","button_border_radius":6,"input_font_size":14,"input_text_color":"#ffffff","input_bg_color":"#ffffff","input_bg_color_opacity":20,"input_border_color":"#ffffff","input_border_color_opacity":100,"input_border_width":1,"input_border_radius":6,"image_height":66,"image_width":64,"hide_image_on_mobile":true,"image_height_mobile":52,"image_width_mobile":40,"padding_top":0,"padding_bottom":0,"padding_top_mobile":0,"padding_bottom_mobile":0},"blocks":{}}},"block_order":["rating_HYWfzY","title_9cUzFz","text_DHFDL8","price_rNLTVV","bullet_point_benefits_L9Ekdy","divider_XjYQhi","variant_picker_cca4P7","quantity_selector_BqH8Bi","social_proof_t6FNkr","payment_badges_mdNTxn","payment_badges_yf76Lm","icon_with_text_UYemba","reviews_N963dq","collapsible_tabs_e8Hyd8","sticky_atc_dyxKah"]}},"settings":{"show_main_image_first":false,"section_color_scheme":"accent-1","padding_top_desktop":20,"padding_bottom_desktop":20,"padding_top_mobile":8,"padding_bottom_mobile":20}},"horizontal_scrolling_text_mgft6H":{"type":"horizontal-scrolling-text","blocks":{"text_bhKVK4":{"type":"text","settings":{"title":"Safe Playtime Fun"}},"text_WjTjtc":{"type":"text","settings":{"title":"Endless Interactive Joy"}},"text_hfPTxT":{"type":"text","settings":{"title":"Guaranteed Cat Happiness"}},"text_PnmK77":{"type":"text","settings":{"title":"Rechargeable Convenience"}}},"block_order":["text_bhKVK4","text_WjTjtc","text_hfPTxT","text_PnmK77"],"settings":{"speed":1,"text_size":14,"text_spacing":3,"text_color":"#ffffff","highlighted_text_color":"#ffffff","color_scheme":"gradient-background-1","padding_top":8,"padding_bottom":8}},"image_with_text_jxiKk3":{"type":"image-with-text","settings":{"image":"shopify:\/\/shop_images\/b05cb6130dbd317e172ea6a833376797.jpg","image_radius":6,"defer_loading_image":true,"heading":"Unlock Your Cat's Playful Potential","text":"<p>Transform playtime with our engaging interactive toy. It entertains and stimulates your cat’s natural instincts, ensuring hours of joy.<\/p>","button_text":"","button_link":"","layout":"text_first","height":"medium","desktop_content_alignment":"left","grid_border_radius":6,"section_padding_left_padding":24,"section_padding_right_padding":12,"section_padding_bottom":12,"section_padding_top":12,"desktop_font_size":35,"mobile_font_size":18,"heading_font_weight":"700","heading_color":"#000000","heading_use_gradient":false,"heading_gradient_color":"","heading_highlighted_color":"#000000","font_size":14,"body_color":"#000000","body_highlighted_color":"#000000","section_color_scheme":"accent-1","grid_background_color":"#f9f9f9","card_use_gradient":false,"card_gradient":"","benefit_1_text":"Encourages healthy hunting instincts","benefit_1_icon":"<svg xmlns=\"http:\/\/www.w3.org\/2000\/svg\" enable-background=\"new 0 0 24 24\" height=\"24px\" viewbox=\"0 0 24 24\" width=\"24px\" fill=\"#e3e3e3\"><g><rect fill=\"none\" height=\"24\" width=\"24\"><\/rect><\/g><g><path d=\"M23,12l-2.44-2.79l0.34-3.69l-3.61-0.82L15.4,1.5L12,2.96L8.6,1.5L6.71,4.69L3.1,5.5L3.44,9.2L1,12l2.44,2.79l-0.34,3.7 l3.61,0.82L8.6,22.5l3.4-1.47l3.4,1.46l1.89-3.19l3.61-0.82l-0.34-3.69L23,12z M10.09,16.72l-3.8-3.81l1.48-1.48l2.32,2.33 l5.85-5.87l1.48,1.48L10.09,16.72z\"><\/path><\/g><\/svg>","benefit_2_text":"Keeps your cat entertained for hours","benefit_2_icon":"<svg xmlns=\"http:\/\/www.w3.org\/2000\/svg\" enable-background=\"new 0 0 24 24\" height=\"24px\" viewbox=\"0 0 24 24\" width=\"24px\" fill=\"#e3e3e3\"><g><rect fill=\"none\" height=\"24\" width=\"24\"><\/rect><\/g><g><path d=\"M23,12l-2.44-2.79l0.34-3.69l-3.61-0.82L15.4,1.5L12,2.96L8.6,1.5L6.71,4.69L3.1,5.5L3.44,9.2L1,12l2.44,2.79l-0.34,3.7 l3.61,0.82L8.6,22.5l3.4-1.47l3.4,1.46l1.89-3.19l3.61-0.82l-0.34-3.69L23,12z M10.09,16.72l-3.8-3.81l1.48-1.48l2.32,2.33 l5.85-5.87l1.48,1.48L10.09,16.72z\"><\/path><\/g><\/svg>","benefit_3_text":"Perfect for active and curious cats","benefit_3_icon":"<svg xmlns=\"http:\/\/www.w3.org\/2000\/svg\" enable-background=\"new 0 0 24 24\" height=\"24px\" viewbox=\"0 0 24 24\" width=\"24px\" fill=\"#e3e3e3\"><g><rect fill=\"none\" height=\"24\" width=\"24\"><\/rect><\/g><g><path d=\"M23,12l-2.44-2.79l0.34-3.69l-3.61-0.82L15.4,1.5L12,2.96L8.6,1.5L6.71,4.69L3.1,5.5L3.44,9.2L1,12l2.44,2.79l-0.34,3.7 l3.61,0.82L8.6,22.5l3.4-1.47l3.4,1.46l1.89-3.19l3.61-0.82l-0.34-3.69L23,12z M10.09,16.72l-3.8-3.81l1.48-1.48l2.32,2.33 l5.85-5.87l1.48,1.48L10.09,16.72z\"><\/path><\/g><\/svg>","benefits_icon_size":20,"benefits_text_size":14,"benefits_gap":12,"benefits_icon_color":"#000000","benefits_text_color":"#000000","benefits_text_highlighted_color":"#000000","card_max_width":1600,"button_label_1_size":14,"button_label_1_size_mobile":12,"button_1_text_color":"#ffffff","button_1_background_color":"#000000","button_1_border_radius":6,"button_padding_vertical":8,"button_width_increase_desktop":0,"button_width_increase_mobile":0,"padding_top":12,"padding_bottom":12}},"scrolling_images_UgXcTG":{"type":"scrolling-images","blocks":{"slide_HnEeeE":{"type":"slide","settings":{"link":""}},"slide_AdAJPm":{"type":"slide","settings":{"link":""}},"slide_Tkcitt":{"type":"slide","settings":{"link":""}},"slide_wFQKM9":{"type":"slide","settings":{"link":""}}},"block_order":["slide_HnEeeE","slide_AdAJPm","slide_Tkcitt","slide_wFQKM9"],"settings":{"section_heading":"As seen on","heading_alignment":"center","font_size":20,"mobile_font_size":16,"header_color":"#000000","header_highlighted_color":"#000000","heading_use_gradient":false,"heading_gradient_color":"","pause_hover":true,"slider_direction":"right","scrolling_velocity":2,"slider_gap":52,"slider_gap_mobile":15,"icon_width":120,"icon_width_mobile":250,"image_border_radius":8,"color_scheme":"accent-1","padding_top":12,"padding_bottom":12}},"borders_3WVyHf":{"type":"borders","settings":{"shape":"waves","border_size":"60","flip_horizontal":true,"flip_vertical":false,"shape_color":"base-custom-color-2","enable_custom_shape_color":false,"custom_shape_color":"#e52d87","background_color":"base-accent-1","padding_top":10,"padding_bottom":10}},"rich_text_rPfaL7":{"type":"rich-text","blocks":{"list-cards":{"type":"_rich-text-list-cards","static":true,"settings":{"text_alignment":"center","cards_layout":"left","font_size":14,"color":"#ffffff","bg_color":"#ffffff","background_opacity":27,"border_color":"#ffffff","border_radius":10,"gap_between_cards":8,"padding_top":0,"padding_bottom":0},"blocks":{"rich_text_list_card_WDMVxF":{"type":"_rich-text-list-card","name":"Rich text card","settings":{"text":"<p>Stimulates natural hunting instincts<\/p>"},"blocks":{}},"rich_text_list_card_PJtK9f":{"type":"_rich-text-list-card","name":"Rich text card","settings":{"text":"<p>Rechargeable and eco-friendly design<\/p>"},"blocks":{}},"rich_text_list_card_KEeKPf":{"type":"_rich-text-list-card","name":"Rich text card","settings":{"text":"<p>Safe materials for playful fun<\/p>"},"blocks":{}},"rich_text_list_card_ibmQHp":{"type":"_rich-text-list-card","name":"Rich text card","settings":{"text":"<p>Realistic sounds for added excitement<\/p>"},"blocks":{}}},"block_order":["rich_text_list_card_WDMVxF","rich_text_list_card_PJtK9f","rich_text_list_card_KEeKPf","rich_text_list_card_ibmQHp"]}},"settings":{"heading":"Engaging Play to Satisfy Instincts","text":"<p>Cats often feel bored and restless without stimulating play options. This innovative toy provides endless entertainment that keeps your feline friend engaged and active.<\/p>","content_alignment":"center","text_max_width_percentage":80,"text_max_width_percentage_mobile":100,"heading_font_size":35,"mobile_heading_font_size":25,"heading_color":"#ffffff","heading_highlighted_color":"#ffffff","heading_use_gradient":false,"heading_gradient_color":"","body_font_size":16,"body_color":"#ffffff","body_highlighted_color":"#ffffff","color_scheme":"gradient-background-1","button_label":"Shop Now","button_link":"#main-product-top","button_font_size":14,"button_font_size_mobile":12,"button_color":"#ffffff","button_bg_color":"#1d1a2d","button_border_radius":6,"button_padding_vertical":0,"button_width_increase_desktop":52,"button_padding_vertical_mobile":8,"button_width_increase_mobile":80,"padding_top":24,"padding_bottom":62}},"reasons_GqYHik":{"type":"reasons","blocks":{"reasons_to_buy_content_rmwz9L":{"type":"_reasons-to-buy-content","settings":{"heading":"Join Our Happy Customers Today","heading_tag":"h3","heading_size":40,"reasons_mob_heading_size":28,"heading_color":"#000000","bolded_heading_color":"#000000","heading_use_gradient":true,"heading_gradient_color":"linear-gradient(180deg, rgba(229,45,135, 1) 0%, rgba(86,42,115, 1) 100%)","headig_padding_top":0,"headig_padding_bottom":0,"text":"Delivering quality and consistency that customers rely on.","text_tag":"p","text_size":16,"text_mob_size":16,"text_color":"#666666","bolded_text_color":"#000000","text_use_gradient":false,"text_gradient_color":"","text_padding_top":0,"text_padding_bottom":0,"content_alignment":"left","content_gap":21,"content_gap_mobile":14},"blocks":{}},"reasons_to_buy_product_card_3LG667":{"type":"_reasons-to-buy-product-card","settings":{"product_url":"#main-product-top","product_image":"shopify:\/\/shop_images\/b05cb6130dbd317e172ea6a833376797.jpg","product_title":"<p>New Interactive Cat Toys Rechargeable Flying Bird Cat Toys Chirping Clapping Birds (Cannot Fly) Cats Pet Products Dog Toy For<\/p>","product_description":"<p><\/p>","product_title_font_size":17,"product_title_color":"#ffffff","product_description_font_size":14,"product_description_color":"#ffffff","card_background_color":"#e52d87","card_has_gradient":false,"card_gradient":"linear-gradient(180deg, rgba(229,45,135, 1) 0%, rgba(86,42,115, 1) 100%)","product_description_opacity":70,"arrow_icon_color":"#ffffff","card_border_radius":10,"thumbnail_border_radius":4,"text_content_gap":10,"text_content_gap_mobile":11},"blocks":{}},"reasons_to_buy_stats_TQiBR8":{"type":"_reasons-to-buy-stats","settings":{"content_alignment":"center","cards_vertical_spacing":25,"cards_vertical_spacing_mobile":14,"percentage_number_font_size":50,"percentage_number_font_size_mobile":28,"percentage_number_color":"#e52d87","percentage_number_has_gradient":false,"percentage_number_bg":"linear-gradient(180deg, rgba(229,45,135, 1) 0%, rgba(86,42,115, 1) 100%)","block_heading_size":24,"block_heading_size_mobile":14,"block_heading_color":"#000000","bolded_block_heading_color":"#000000","block_body_size":12,"block_body_size_mobile":14,"block_body_color":"#666666","bolded_block_body_color":"#666666","border_color":"#000000"},"blocks":{"reasons_to_buy_stat_t96XrA":{"type":"_reasons-to-buy-stat","settings":{"row_heading":"<p>Engaged Their Hunting Instincts<\/p>","row_text":"<p>Noticed their cats playing energetically for hours without losing interest.<\/p>","percentage":92},"blocks":{}},"reasons_to_buy_stat_Cpcned":{"type":"_reasons-to-buy-stat","settings":{"row_heading":"<p>Enhanced Playtime Excitement<\/p>","row_text":"<p>Experienced greater joy and excitement during playtime with their pets.<\/p>","percentage":87},"blocks":{}},"reasons_to_buy_stat_nEiBpL":{"type":"_reasons-to-buy-stat","settings":{"row_heading":"<p>Improved Bonding With Pets<\/p>","row_text":"<p>Formed stronger connections as their cats eagerly interacted with the toy.<\/p>","percentage":94},"blocks":{}}},"block_order":["reasons_to_buy_stat_t96XrA","reasons_to_buy_stat_Cpcned","reasons_to_buy_stat_nEiBpL"]}},"block_order":["reasons_to_buy_content_rmwz9L","reasons_to_buy_product_card_3LG667","reasons_to_buy_stats_TQiBR8"],"name":"Reasons to buy","settings":{"image":"shopify:\/\/shop_images\/df5d3361b4bed65577eafed22c4495af.jpg","image_height":"small","image_border_radius":6,"border_color":"#000000","border_color_opacity":5,"color_scheme":"accent-1","padding_top":24,"padding_bottom":24}},"feature_icons_bDyMKj":{"type":"feature-icons","blocks":{"column_dnAQVt":{"type":"column","settings":{"icon":"<svg width=\"91\" height=\"93\" viewbox=\"0 0 91 93\" fill=\"none\" xmlns=\"http:\/\/www.w3.org\/2000\/svg\">\r\n <g filter=\"url(#filter0_d_5281_3537)\">\r\n <circle cx=\"45.5\" cy=\"43.5\" r=\"43.5\" fill=\"white\"><\/circle>\r\n <\/g>\r\n <path fill=\"none\" d=\"M47.7075 63C46.0929 63 44.5504 62.3267 41.4655 60.9801C37.8648 59.4084 35.1084 58.2052 33.196 57.0798H26M47.7075 63C49.3222 63 50.8647 62.3267 53.9496 60.9801C61.6287 57.6281 65.4683 55.9521 65.4683 53.1329V32.4121M47.7075 63V41.2925M29.9468 32.4121V38.3323\" stroke=\"rgb(229,45,135)\" stroke-width=\"2.4\" stroke-linecap=\"round\" stroke-linejoin=\"round\"><\/path>\r\n <path fill=\"none\" d=\"M40.4575 38.71L34.6928 35.9205C31.5291 34.3897 29.9473 33.6242 29.9473 32.4121C29.9473 31.2 31.5291 30.4345 34.6928 28.9037L40.4575 26.1142C44.0154 24.3926 45.7944 23.5317 47.708 23.5317C49.6216 23.5317 51.4006 24.3926 54.9585 26.1142L60.7232 28.9037C63.8869 30.4345 65.4687 31.2 65.4687 32.4121C65.4687 33.6242 63.8869 34.3897 60.7232 35.9205L54.9585 38.71C51.4006 40.4316 49.6216 41.2925 47.708 41.2925C45.7944 41.2925 44.0154 40.4316 40.4575 38.71Z\" stroke=\"rgb(229,45,135)\" stroke-width=\"2.4\" stroke-linecap=\"round\" stroke-linejoin=\"round\"><\/path>\r\n <path fill=\"none\" d=\"M57.8438 27.5093L37.5781 37.3156\" stroke=\"rgb(229,45,135)\" stroke-width=\"2.4\" stroke-linecap=\"round\" stroke-linejoin=\"round\"><\/path>\r\n <path fill=\"none\" d=\"M26 45.2393H31.9202\" stroke=\"rgb(229,45,135)\" stroke-width=\"2.4\" stroke-linecap=\"round\" stroke-linejoin=\"round\"><\/path>\r\n <path fill=\"none\" d=\"M26 51.1597H31.9202\" stroke=\"rgb(229,45,135)\" stroke-width=\"2.4\" stroke-linecap=\"round\" stroke-linejoin=\"round\"><\/path>\r\n <defs>\r\n <filter id=\"filter0_d_5281_3537\" x=\"0\" y=\"0\" width=\"91\" height=\"93\" filterunits=\"userSpaceOnUse\" color-interpolation-filters=\"sRGB\">\r\n <feflood flood-opacity=\"0\" result=\"BackgroundImageFix\"><\/feflood>\r\n <fecolormatrix in=\"SourceAlpha\" type=\"matrix\" values=\"0 0 0 0 0 0 0 0 0 0 0 0 0 0 0 0 0 0 127 0\" result=\"hardAlpha\"><\/fecolormatrix>\r\n <feoffset dy=\"4\"><\/feoffset>\r\n <fegaussianblur stddeviation=\"1\"><\/fegaussianblur>\r\n <fecomposite in2=\"hardAlpha\" operator=\"out\"><\/fecomposite>\r\n <fecolormatrix type=\"matrix\" values=\"0 0 0 0 0.856463 0 0 0 0 0.903726 0 0 0 0 0.918269 0 0 0 1 0\"><\/fecolormatrix>\r\n <feblend mode=\"normal\" in2=\"BackgroundImageFix\" result=\"effect1_dropShadow_5281_3537\"><\/feblend>\r\n <feblend mode=\"normal\" in=\"SourceGraphic\" in2=\"effect1_dropShadow_5281_3537\" result=\"shape\"><\/feblend>\r\n <\/filter>\r\n <\/defs>\r\n <\/svg>","title":"","text":"<p>Worldwide Shipping<\/p>","icon_heading_font_size":24,"icon_heading_color":"#000000","icon_bolded_heading_color":"#000000","column_text_size":16,"column_text_color":"#000000","column_text_highlighted_color":"#000000","custom_icon_color":"#000000"}},"column_9dY4yh":{"type":"column","settings":{"icon":"<svg width=\"91\" height=\"93\" viewbox=\"0 0 91 93\" fill=\"none\" xmlns=\"http:\/\/www.w3.org\/2000\/svg\">\r\n <g filter=\"url(#filter0_d_5281_3538)\">\r\n <circle cx=\"45.5\" cy=\"43.5\" r=\"43.5\" fill=\"white\"><\/circle>\r\n <\/g>\r\n <path fill=\"none\" d=\"M56.5009 40.9111C56.5009 40.1615 56.5009 39.7866 56.6135 39.453C56.9407 38.4823 57.8052 38.1075 58.6719 37.7131C59.6425 37.269 60.1279 37.048 60.611 37.009C61.157 36.9656 61.7052 37.0826 62.1732 37.3448C62.7929 37.6915 63.2262 38.3545 63.6682 38.8918C65.7114 41.3748 66.734 42.6163 67.1067 43.9835C67.41 45.0885 67.41 46.2455 67.1067 47.3483C66.5629 49.346 64.8404 51.0186 63.5642 52.57C62.912 53.3608 62.5849 53.7573 62.1732 53.9891C61.6972 54.2531 61.1535 54.37 60.611 54.325C60.1279 54.286 59.6425 54.065 58.6697 53.6208C57.803 53.2265 56.9407 52.8516 56.6135 51.881C56.5009 51.5473 56.5009 51.1725 56.5009 50.4228V40.9111ZM34.8342 40.9111C34.8342 39.9665 34.8082 39.1193 34.0455 38.4563C33.7682 38.2158 33.3999 38.049 32.6654 37.7131C31.6925 37.2711 31.2072 37.048 30.724 37.009C29.2789 36.892 28.501 37.88 27.669 38.894C25.6237 41.3748 24.601 42.6163 24.2262 43.9856C23.9246 45.087 23.9246 46.2491 24.2262 47.3505C24.7722 49.346 26.4969 51.0208 27.7709 52.57C28.5747 53.545 29.3439 54.4355 30.724 54.325C31.2072 54.286 31.6925 54.065 32.6654 53.6208C33.402 53.2871 33.7682 53.1181 34.0455 52.8776C34.8082 52.2146 34.8342 51.3675 34.8342 50.425V40.9111Z\" stroke=\"rgb(229,45,135)\" stroke-width=\"2.4\"><\/path>\r\n <path fill=\"none\" d=\"M30.502 37C30.502 29.8197 37.2923 24 45.6686 24C54.045 24 60.8353 29.8197 60.8353 37\" stroke=\"rgb(229,45,135)\" stroke-width=\"2.4\" stroke-linecap=\"square\" stroke-linejoin=\"round\"><\/path>\r\n <path fill=\"none\" d=\"M60.8359 54.333V56.0663C60.8359 59.8948 56.9576 62.9997 52.1693 62.9997H47.8359\" stroke=\"rgb(229,45,135)\" stroke-width=\"2.4\" stroke-linecap=\"round\" stroke-linejoin=\"round\"><\/path>\r\n <defs>\r\n <filter id=\"filter0_d_5281_3538\" x=\"0\" y=\"0\" width=\"91\" height=\"93\" filterunits=\"userSpaceOnUse\" color-interpolation-filters=\"sRGB\">\r\n <feflood flood-opacity=\"0\" result=\"BackgroundImageFix\"><\/feflood>\r\n <fecolormatrix in=\"SourceAlpha\" type=\"matrix\" values=\"0 0 0 0 0 0 0 0 0 0 0 0 0 0 0 0 0 0 127 0\" result=\"hardAlpha\"><\/fecolormatrix>\r\n <feoffset dy=\"4\"><\/feoffset>\r\n <fegaussianblur stddeviation=\"1\"><\/fegaussianblur>\r\n <fecomposite in2=\"hardAlpha\" operator=\"out\"><\/fecomposite>\r\n <fecolormatrix type=\"matrix\" values=\"0 0 0 0 0.856463 0 0 0 0 0.903726 0 0 0 0 0.918269 0 0 0 1 0\"><\/fecolormatrix>\r\n <feblend mode=\"normal\" in2=\"BackgroundImageFix\" result=\"effect1_dropShadow_5281_3538\"><\/feblend>\r\n <feblend mode=\"normal\" in=\"SourceGraphic\" in2=\"effect1_dropShadow_5281_3538\" result=\"shape\"><\/feblend>\r\n <\/filter>\r\n <\/defs>\r\n <\/svg>","title":"","text":"<p>24\/7 Support<\/p>","icon_heading_font_size":24,"icon_heading_color":"#000000","icon_bolded_heading_color":"#000000","column_text_size":16,"column_text_color":"#000000","column_text_highlighted_color":"#000000","custom_icon_color":"#000000"}},"column_VRFTkg":{"type":"column","settings":{"icon":"<svg width=\"91\" height=\"93\" viewbox=\"0 0 91 93\" fill=\"none\" xmlns=\"http:\/\/www.w3.org\/2000\/svg\">\r\n <g filter=\"url(#filter0_d_5281_3539)\">\r\n <circle cx=\"45.5\" cy=\"43.5\" r=\"43.5\" fill=\"white\"><\/circle>\r\n <\/g>\r\n <path fill=\"none\" d=\"M44.2393 24.2246C44.4789 23.488 45.5211 23.488 45.7607 24.2246L49.2471 34.9541C49.6754 36.2724 50.9039 37.1658 52.29 37.166H63.5723C64.3471 37.1662 64.6689 38.1568 64.042 38.6123L54.915 45.2441C53.7937 46.059 53.3247 47.503 53.7529 48.8213L57.2393 59.5508C57.4787 60.2878 56.6348 60.9008 56.0078 60.4453L46.8809 53.8145C45.7593 52.9996 44.2407 52.9996 43.1191 53.8145L33.9922 60.4453C33.3652 60.9008 32.5213 60.2878 32.7607 59.5508L36.2471 48.8213C36.6753 47.503 36.2063 46.059 35.085 45.2441L25.958 38.6123C25.3311 38.1568 25.6529 37.1662 26.4277 37.166H37.71C39.0961 37.1658 40.3246 36.2724 40.7529 34.9541L44.2393 24.2246Z\" stroke=\"rgb(229,45,135)\" stroke-width=\"2.4\"><\/path>\r\n <defs>\r\n <filter id=\"filter0_d_5281_3539\" x=\"0\" y=\"0\" width=\"91\" height=\"93\" filterunits=\"userSpaceOnUse\" color-interpolation-filters=\"sRGB\">\r\n <feflood flood-opacity=\"0\" result=\"BackgroundImageFix\"><\/feflood>\r\n <fecolormatrix in=\"SourceAlpha\" type=\"matrix\" values=\"0 0 0 0 0 0 0 0 0 0 0 0 0 0 0 0 0 0 127 0\" result=\"hardAlpha\"><\/fecolormatrix>\r\n <feoffset dy=\"4\"><\/feoffset>\r\n <fegaussianblur stddeviation=\"1\"><\/fegaussianblur>\r\n <fecomposite in2=\"hardAlpha\" operator=\"out\"><\/fecomposite>\r\n <fecolormatrix type=\"matrix\" values=\"0 0 0 0 0.856463 0 0 0 0 0.903726 0 0 0 0 0.918269 0 0 0 1 0\"><\/fecolormatrix>\r\n <feblend mode=\"normal\" in2=\"BackgroundImageFix\" result=\"effect1_dropShadow_5281_3539\"><\/feblend>\r\n <feblend mode=\"normal\" in=\"SourceGraphic\" in2=\"effect1_dropShadow_5281_3539\" result=\"shape\"><\/feblend>\r\n <\/filter>\r\n <\/defs>\r\n <\/svg>","title":"","text":"<p>Verified quality only<\/p>","icon_heading_font_size":24,"icon_heading_color":"#000000","icon_bolded_heading_color":"#000000","column_text_size":16,"column_text_color":"#000000","column_text_highlighted_color":"#000000","custom_icon_color":"#000000"}},"column_8WP3Hg":{"type":"column","settings":{"icon":"<svg width=\"91\" height=\"93\" viewbox=\"0 0 91 93\" fill=\"none\" xmlns=\"http:\/\/www.w3.org\/2000\/svg\">\r\n <g filter=\"url(#filter0_d_5118_3448)\">\r\n <circle cx=\"45.5\" cy=\"43.5\" r=\"43.5\" fill=\"white\"><\/circle>\r\n <\/g>\r\n <path fill=\"none\" d=\"M52.3774 51.2542H58.6945C61.189 51.2122 65 52.5254 65 57.2618C65 62.1762 60.2973 63 58.6945 63C57.0917 63 41.9551 63 37.5922 63C32.7051 63 26 62.0099 26 53.5773L26 35.7H65V44.5105M52.3774 51.2542C52.3879 50.8371 52.5654 50.4234 52.9101 50.1227L56.2288 47.3525M52.3774 51.2542C52.3662 51.6995 52.5453 52.1486 52.9144 52.4682L56.2288 55.1671\" stroke=\"rgb(229,45,135)\" stroke-width=\"2.4\" stroke-linecap=\"round\" stroke-linejoin=\"round\"><\/path>\r\n <path fill=\"none\" d=\"M26 35.693L27.7975 31.2014C29.2561 27.7107 29.9854 25.9654 31.4637 24.9827C32.9419 24 34.8381 24 38.6304 24H52.3221C56.1145 24 58.0105 24 59.4889 24.9827C60.9672 25.9654 61.6963 27.7107 63.1551 31.2014L65 35.7\" stroke=\"rgb(229,45,135)\" stroke-width=\"2.4\" stroke-linecap=\"round\"><\/path>\r\n <path fill=\"none\" d=\"M45.5 35.7V24\" stroke=\"rgb(229,45,135)\" stroke-width=\"2.4\" stroke-linecap=\"round\"><\/path>\r\n <path fill=\"none\" d=\"M41.5996 43.5H49.3996\" stroke=\"rgb(229,45,135)\" stroke-width=\"2.4\" stroke-linecap=\"round\"><\/path>\r\n <defs>\r\n <filter id=\"filter0_d_5118_3448\" x=\"0\" y=\"0\" width=\"91\" height=\"93\" filterunits=\"userSpaceOnUse\" color-interpolation-filters=\"sRGB\">\r\n <feflood flood-opacity=\"0\" result=\"BackgroundImageFix\"><\/feflood>\r\n <fecolormatrix in=\"SourceAlpha\" type=\"matrix\" values=\"0 0 0 0 0 0 0 0 0 0 0 0 0 0 0 0 0 0 127 0\" result=\"hardAlpha\"><\/fecolormatrix>\r\n <feoffset dy=\"4\"><\/feoffset>\r\n <fegaussianblur stddeviation=\"1\"><\/fegaussianblur>\r\n <fecomposite in2=\"hardAlpha\" operator=\"out\"><\/fecomposite>\r\n <fecolormatrix type=\"matrix\" values=\"0 0 0 0 0.856463 0 0 0 0 0.903726 0 0 0 0 0.918269 0 0 0 1 0\"><\/fecolormatrix>\r\n <feblend mode=\"normal\" in2=\"BackgroundImageFix\" result=\"effect1_dropShadow_5118_3448\"><\/feblend>\r\n <feblend mode=\"normal\" in=\"SourceGraphic\" in2=\"effect1_dropShadow_5118_3448\" result=\"shape\"><\/feblend>\r\n <\/filter>\r\n <\/defs>\r\n <\/svg>","title":"","text":"<p>Hassle-free returns<\/p>","icon_heading_font_size":24,"icon_heading_color":"#000000","icon_bolded_heading_color":"#000000","column_text_size":16,"column_text_color":"#000000","column_text_highlighted_color":"#000000","custom_icon_color":"#000000"}}},"block_order":["column_dnAQVt","column_9dY4yh","column_VRFTkg","column_8WP3Hg"],"name":"Icon guarantees","settings":{"title":"Benefits You'll Love","text":"","columns_desktop":4,"padding_horizontal_desktop":50,"columns_mobile":"2","heading_size":20,"heading_mob_size":28,"heading_color":"#000000","bolded_heading_color":"#000000","heading_use_gradient":false,"heading_gradient_color":"","body_size":16,"body_color":"#000000","bolded_body_color":"#000000","icon_size":"medium","icon_card_vertical_padding_desktop":25,"icon_card_horizontal_padding_desktop":25,"icon_card_vertical_padding_mobile":25,"icon_card_horizontal_padding_mobile":25,"swipe_on_mobile":false,"background_style":"primary","card_color_scheme":"accent-2","color_scheme":"accent-1","padding_top":0,"padding_bottom":0}},"borders_6ffEVj":{"type":"borders","name":"Section border","settings":{"shape":"waves","border_size":"90","flip_horizontal":true,"flip_vertical":false,"shape_color":"base-custom-color-2","enable_custom_shape_color":false,"custom_shape_color":"#e52d87","background_color":"base-accent-1","padding_top":10,"padding_bottom":10}},"comparison_table_jRgDad":{"type":"comparison-table","blocks":{"comparison_table_content_fnCAKh":{"type":"_comparison-table-content","settings":{"content_heading":"Unmatched Cat Entertainment","body_content":"<p>Experience unmatched interactive play with captivating features designed to engage your cat's hunting instinct, offering endless fun and safety that competitors simply can't match.<\/p>","content_alignment":"center","heading_size":40,"heading_mob_size":25,"heading_color":"#ffffff","bolded_heading_color":"#ffffff","heading_use_gradient":false,"heading_gradient_color":"","body_size":12,"body_mob_size":16,"body_color":"#ffffff","bolded_body_color":"#757575"},"blocks":{}},"comparison_table_xjzrcn":{"type":"_comparison-table","settings":{"table_border_color":"#c4c4c4","table_border_opacity":15,"self_cells_background_color":"#ffffff","self_cells_background_opacity":27,"enable_product_column_custom_border":false,"product_column_custom_border_color":"#000000","product_column_custom_border_opacity":100,"product_column_custom_border_width":1,"product_column_custom_border_radius":10,"enable_product_column_shadow":false,"product_column_shadow_color":"#c8c8c8","product_column_shadow_opacity":60},"blocks":{"comparison_table_header_mTxkNP":{"type":"_comparison-table-header","settings":{"show_brand_name":true,"us_label":"","other_brands_label":"Others","logo_width":90,"mobile_logo_width":60,"other_brands_logo_width":74,"other_brands_mobile_logo_width":60,"cell_header_brand_text_size":16,"cell_header_brand_text_color":"#ffffff","cell_header_competitor_text_size":16,"cell_header_competitor_text_color":"#383838"},"blocks":{}},"comparison_table_rows_CqtQBD":{"type":"_comparison-table-rows","settings":{"benefits_desktop_size":16,"benefits_mobile_size":14,"bold_features_text":false,"icon_cells_background_color":"rgba(0,0,0,0)","features_background_color":"rgba(0,0,0,0)","product_column_border_top_color":"rgba(0,0,0,0)","enable_product_column_border_top_gradient":false,"product_column_border_top_gradient":"linear-gradient(180deg, rgba(229,45,135, 1) 0%, rgba(86,42,115, 1) 100%)","product_column_border_opacity":100},"blocks":{"comparison_table_row_V99iCa":{"type":"_comparison-table-row","settings":{"benefit":"Interactive play mode","us":true,"others":false,"feature_text_color":"#ffffff","heading_highlighted_color":"#ffffff","benefit_icon":"<svg xmlns=\"http:\/\/www.w3.org\/2000\/svg\" height=\"24px\" viewbox=\"0 -960 960 960\" width=\"24px\" fill=\"#ffffff\"><path d=\"m344-60-76-128-144-32 14-148-98-112 98-112-14-148 144-32 76-128 136 58 136-58 76 128 144 32-14 148 98 112-98 112 14 148-144 32-76 128-136-58-136 58Zm94-278 226-226-56-58-170 170-86-84-56 56 142 142Z\"><\/path><\/svg>","benefit_icon_size":20,"benefit_icon_color":"#ffffff"},"blocks":{}},"comparison_table_row_DmxHFa":{"type":"_comparison-table-row","settings":{"benefit":"Chirping sounds","us":true,"others":false,"feature_text_color":"#ffffff","heading_highlighted_color":"#ffffff","benefit_icon":"<svg xmlns=\"http:\/\/www.w3.org\/2000\/svg\" height=\"24px\" viewbox=\"0 -960 960 960\" width=\"24px\" fill=\"#ffffff\"><path d=\"m344-60-76-128-144-32 14-148-98-112 98-112-14-148 144-32 76-128 136 58 136-58 76 128 144 32-14 148 98 112-98 112 14 148-144 32-76 128-136-58-136 58Zm94-278 226-226-56-58-170 170-86-84-56 56 142 142Z\"><\/path><\/svg>","benefit_icon_size":20,"benefit_icon_color":"#ffffff"},"blocks":{}},"comparison_table_row_NVarfW":{"type":"_comparison-table-row","settings":{"benefit":"Rechargeable battery","us":true,"others":false,"feature_text_color":"#ffffff","heading_highlighted_color":"#ffffff","benefit_icon":"<svg xmlns=\"http:\/\/www.w3.org\/2000\/svg\" height=\"24px\" viewbox=\"0 -960 960 960\" width=\"24px\" fill=\"#ffffff\"><path d=\"m344-60-76-128-144-32 14-148-98-112 98-112-14-148 144-32 76-128 136 58 136-58 76 128 144 32-14 148 98 112-98 112 14 148-144 32-76 128-136-58-136 58Zm94-278 226-226-56-58-170 170-86-84-56 56 142 142Z\"><\/path><\/svg>","benefit_icon_size":20,"benefit_icon_color":"#ffffff"},"blocks":{}},"comparison_table_row_CUTdVe":{"type":"_comparison-table-row","settings":{"benefit":"Safe materials","us":true,"others":false,"feature_text_color":"#ffffff","heading_highlighted_color":"#ffffff","benefit_icon":"<svg xmlns=\"http:\/\/www.w3.org\/2000\/svg\" height=\"24px\" viewbox=\"0 -960 960 960\" width=\"24px\" fill=\"#ffffff\"><path d=\"m344-60-76-128-144-32 14-148-98-112 98-112-14-148 144-32 76-128 136 58 136-58 76 128 144 32-14 148 98 112-98 112 14 148-144 32-76 128-136-58-136 58Zm94-278 226-226-56-58-170 170-86-84-56 56 142 142Z\"><\/path><\/svg>","benefit_icon_size":20,"benefit_icon_color":"#ffffff"},"blocks":{}},"comparison_table_row_9h4G7T":{"type":"_comparison-table-row","settings":{"benefit":"Replaceable cover","us":true,"others":false,"feature_text_color":"#ffffff","heading_highlighted_color":"#ffffff","benefit_icon":"<svg xmlns=\"http:\/\/www.w3.org\/2000\/svg\" height=\"24px\" viewbox=\"0 -960 960 960\" width=\"24px\" fill=\"#ffffff\"><path d=\"m344-60-76-128-144-32 14-148-98-112 98-112-14-148 144-32 76-128 136 58 136-58 76 128 144 32-14 148 98 112-98 112 14 148-144 32-76 128-136-58-136 58Zm94-278 226-226-56-58-170 170-86-84-56 56 142 142Z\"><\/path><\/svg>","benefit_icon_size":20,"benefit_icon_color":"#ffffff"},"blocks":{}}},"block_order":["comparison_table_row_V99iCa","comparison_table_row_DmxHFa","comparison_table_row_NVarfW","comparison_table_row_CUTdVe","comparison_table_row_9h4G7T"]}},"block_order":["comparison_table_header_mTxkNP","comparison_table_rows_CqtQBD"]}},"block_order":["comparison_table_content_fnCAKh","comparison_table_xjzrcn"],"name":"Comparison table","settings":{"button_label":"Shop Now","link":"#main-product-top","button_text_size":12,"button_text_color":"#ffffff","button_background_color":"#1d1a2d","button_border_radius":9,"button_border_width":0,"button_border_color":"#000000","button_padding_vertical":16,"button_width_increase_desktop":69,"button_width_increase_mobile":95,"icon_size":22,"checkmark_color":"#ffffff","x_color":"#ffffff","checkmark_icon":"<svg xmlns=\"http:\/\/www.w3.org\/2000\/svg\" height=\"24px\" viewbox=\"0 -960 960 960\" width=\"24px\" fill=\"#ffffff\"><path d=\"m424-296 282-282-56-56-226 226-114-114-56 56 170 170Zm56 216q-83 0-156-31.5T197-197q-54-54-85.5-127T80-480q0-83 31.5-156T197-763q54-54 127-85.5T480-880q83 0 156 31.5T763-763q54 54 85.5 127T880-480q0 83-31.5 156T763-197q-54 54-127 85.5T480-80Z\"><\/path><\/svg>","x_icon":"<svg xmlns=\"http:\/\/www.w3.org\/2000\/svg\" height=\"24px\" viewbox=\"0 -960 960 960\" width=\"24px\" fill=\"#ffffff\"><path d=\"m336-280 144-144 144 144 56-56-144-144 144-144-56-56-144 144-144-144-56 56 144 144-144 144 56 56ZM480-80q-83 0-156-31.5T197-197q-54-54-85.5-127T80-480q0-83 31.5-156T197-763q54-54 127-85.5T480-880q83 0 156 31.5T763-763q54 54 85.5 127T880-480q0 83-31.5 156T763-197q-54 54-127 85.5T480-80Z\"><\/path><\/svg>","color_scheme":"gradient-background-1","section_padding_top_desktop":36,"section_padding_bottom_desktop":36}},"testimonials_AiHw4G":{"type":"testimonials","blocks":{"slide_Wcwxbj":{"type":"slide","settings":{"review_heading":"Review header of 2-4 words","review_text":"<em>A text review talking about the experience with the product - how it transformed their life, how they use it, what their experience is and so on.<\/em>","review_name":"Sarah Michell's","author_name_color":"#000000","highlight_review":false,"num_stars":5,"review_star_size":20,"review_slide_heading_size":16,"review_heading_color":"#000000","review_bolded_heading_color":"#000000","review_slide_text_size":15,"review_body_color":"#000000","review_bolded_body_color":"#000000"}},"slide_8RKUzj":{"type":"slide","settings":{"review_heading":"Review header of 2-4 words","review_text":"<em>A text review talking about the experience with the product - how it transformed their life, how they use it, what their experience is and so on.<\/em>","review_name":"Emily A.","author_name_color":"#000000","highlight_review":true,"num_stars":5,"review_star_size":20,"review_slide_heading_size":16,"review_heading_color":"#000000","review_bolded_heading_color":"#000000","review_slide_text_size":15,"review_body_color":"#000000","review_bolded_body_color":"#000000"}},"slide_BVamxE":{"type":"slide","settings":{"review_heading":"Review header of 2-4 words","review_text":"<em>A text review talking about the experience with the product - how it transformed their life, how they use it, what their experience is and so on.<\/em>","review_name":"Will I.","author_name_color":"#000000","highlight_review":false,"num_stars":5,"review_star_size":20,"review_slide_heading_size":16,"review_heading_color":"#000000","review_bolded_heading_color":"#000000","review_slide_text_size":15,"review_body_color":"#000000","review_bolded_body_color":"#000000"}},"slide_VVaXmX":{"type":"slide","settings":{"review_heading":"Review header of 2-4 words","review_text":"<em>A text review talking about the experience with the product - how it transformed their life, how they use it, what their experience is and so on.<\/em>","review_name":"Denisa N.","author_name_color":"#000000","highlight_review":false,"num_stars":5,"review_star_size":20,"review_slide_heading_size":20,"review_heading_color":"#000000","review_bolded_heading_color":"#000000","review_slide_text_size":15,"review_body_color":"#000000","review_bolded_body_color":"#000000"}}},"block_order":["slide_Wcwxbj","slide_8RKUzj","slide_BVamxE","slide_VVaXmX"],"disabled":true,"settings":{"section_heading":"Join over 10,000+ Happy Customers","show_navigation_buttons":true,"show_overall_rating":true,"overall_rating_text":"{rating_value} | {num} Customers","overall_rating_value":4.8,"show_opacity_on_inactive_slides":false,"heading_font_size":35,"mobile_heading_font_size":25,"heading_color":"#000000","bolded_heading_color":"#000000","heading_use_gradient":true,"heading_gradient_color":"","color_scheme":"accent-1","overall_rating_star_size":16,"star_color":"#ffffff","overall_rating_text_size":14,"overall_rating_text_color":"#ffffff","overall_rating_background_color":"#e52d87","overall_rating_use_gradient":false,"overall_rating_gradient_color":"linear-gradient(160deg, rgba(229, 45, 135, 1), rgba(86, 42, 115, 1) 100%)","overall_rating_border_radius":3,"slide_box_shadow":false,"slide_background_color":"#f9f9f9","navigation_button_size":35,"navgiation_button_background_color":"#ffffff","left_right_icon_color":"#000000","navigation_button_border_color":"#000000","navigation_button_border_opacity":50,"navigation_button_border_width":1,"progress_bar_color":"#000000","author_thumbnail_size":66,"author_thumbnail_border_color":"#ffffff","author_thumbnail_border_width":2,"review_slide_icon_color":"#000000","highlight_color_scheme":"gradient-background-1","highlight_review_icon_color":"#ffffff","highlight_review_heading_color":"#ffffff","highlight_review_bolded_heading_color":"#000000","highlight_review_body_color":"#ffffff","highlight_review_bolded_body_color":"#ffffff","highlight_review_name_color":"#ffffff","section_padding_top":24,"section_padding_bottom":36}},"key_features_7pxUnn":{"type":"key-features","blocks":{"key_features_list_Xc6fAU":{"type":"_key-features-list","settings":{"card_list_item_title_font_size_desktop":16,"card_list_item_title_font_size_mobile":14,"card_list_item_title_color":"#ffffff","card_list_item_text_font_size_desktop":14,"card_list_item_text_font_size_mobile":12,"card_list_item_text_color":"#eaeaea","card_list_item_badge_font_size_desktop":13,"card_list_item_badge_font_size_mobile":12,"card_list_item_badge_color":"#1e1e1e","card_list_item_badge_background_color":"#ffffff","badge_has_border":true,"badge_border_color":"#ffffff","badge_border_width":1,"card_list_item_badge_border_radius":140,"card_list_item_badge_padding_vertical":3,"card_list_item_badge_padding_horizontal":10,"card_list_item_left_line_color":"#ffffff","card_list_item_left_line_has_gradient":false,"card_list_item_left_line_gradient":"linear-gradient(136deg, rgba(10, 234, 237, 1) 11%, rgba(250, 13, 253, 1) 84%)","card_list_item_left_line_opacity":60,"card_list_item_left_line_width":1,"card_list_arrow_size":18,"card_list_item_arrow_color":"#ffffff","card_list_item_arrow_opacity":60},"blocks":{"key_feature_item_F7dqcy":{"type":"_key-feature-item","name":"Key feature","settings":{"badge":"<p>First Benefit<\/p>","title":"<p>Interactive Playtime<\/p>","text":"<p>Stimulates hunting instincts with realistic sounds.<\/p>","image":"shopify:\/\/shop_images\/5295c9ca289b9668b23ba5de8cfd674e.jpg"},"blocks":{}},"key_feature_item_cLXVex":{"type":"_key-feature-item","name":"Key feature","settings":{"badge":"<p>Second Benefit<\/p>","title":"<p>Rechargeable Convenience<\/p>","text":"<p>Eco-friendly design with convenient USB charging.<\/p>","image":"shopify:\/\/shop_images\/5295c9ca289b9668b23ba5de8cfd674e.jpg"},"blocks":{}},"key_feature_item_tVe83r":{"type":"_key-feature-item","name":"Key feature","settings":{"badge":"<p>Third Benefit <\/p>","title":"<p>Soft & Safe Materials<\/p>","text":"<p>Provides varied textures for safe biting fun.<\/p>","image":"shopify:\/\/shop_images\/5295c9ca289b9668b23ba5de8cfd674e.jpg"},"blocks":{}}},"block_order":["key_feature_item_F7dqcy","key_feature_item_cLXVex","key_feature_item_tVe83r"]}},"block_order":["key_features_list_Xc6fAU"],"name":"Product key features","settings":{"card_title":"<p>Engage Your Cat's Playfulness Today<\/p>","card_image":"shopify:\/\/shop_images\/5295c9ca289b9668b23ba5de8cfd674e.jpg","image_height":"small","card_title_font_size_desktop":35,"card_title_font_size_mobile":25,"card_title_color":"#ffffff","card_title_color_bold":"#ffffff","card_title_use_gradient":false,"card_title_color_bold_gradient":"linear-gradient(136deg, rgba(10, 234, 237, 1) 11%, rgba(250, 13, 253, 1) 84%)","card_max_width":1600,"card_gap_desktop":60,"card_gap_mobile":30,"card_border_radius":5,"card_top_padding":16,"card_bottom_padding":16,"card_left_padding":16,"card_right_padding":16,"card_image_border_radius":8,"card_color_scheme":"gradient-background-1","color_scheme":"custom-color-1","padding_top":24,"padding_bottom":24}},"collapsible_content_qCMdgd":{"type":"collapsible-content","blocks":{"collapsible_content_list_NtGKhx":{"type":"_collapsible-content-list","settings":{"heading_font_size":16,"heading_font_size_mobile":16,"body_font_size":16,"body_font_size_mobile":16,"index_number_size":30,"index_number_color":"#000000","index_number_background_color":"#ffffff","rows_have_border":false,"row_gap":15,"border_radius":6,"row_container_bg_color_scheme":"#f9f9f9","rows_border_color":"#000000","rows_border_color_opacity":15,"rows_border_width":1,"vertical_padding":13,"horizontal_padding":19,"icon_size":11,"icon_color":"#181818","title_row_has_underline_on_hover":false},"blocks":{"collapsible_content_row_iH4wzw":{"type":"_collapsible-content-row","settings":{"heading":"How does the toy attract my cat's attention?","row_content":"<p>The toy features realistic movements and sounds, mimicking a bird's flapping wings and chirping melodies. These engaging features are designed to awaken your cat's hunting instincts, making playtime fun and interactive.<\/p>","heading_color":"#383838","heading_highlighted_color":"#383838","body_color":"#302f2f","body_highlighted_color":"#302f2f"},"blocks":{}},"collapsible_content_row_YJHL6b":{"type":"_collapsible-content-row","settings":{"heading":"Is the toy safe for my cat to play with?","row_content":"<p>Absolutely! We use soft and safe materials to ensure your cat can enjoy hours of play without harm. Additionally, the toy has a replaceable cover for easy cleaning, keeping it fresh and safe for your pet.<\/p>","heading_color":"#383838","heading_highlighted_color":"#383838","body_color":"#302f2f","body_highlighted_color":"#302f2f"},"blocks":{}},"collapsible_content_row_xPdWkx":{"type":"_collapsible-content-row","settings":{"heading":"How long does the battery last and how do I recharge it?","row_content":"<p>The toy comes with a rechargeable lithium battery that has a capacity of 500mAh. Depending on usage, the battery can last several hours, and recharging is simple—just connect it to a USB port with the provided charger.<\/p>","heading_color":"#383838","heading_highlighted_color":"#383838","body_color":"#302f2f","body_highlighted_color":"#302f2f"},"blocks":{}},"collapsible_content_row_LCebyx":{"type":"_collapsible-content-row","name":"Collapsible content row","settings":{"heading":"Can this toy be used for dogs as well?","row_content":"<p>While primarily designed for cats, the fun sounds and soft materials can also entertain smaller dog breeds. It's perfect for pets that enjoy interactive play with plush toys, making it a versatile choice.<\/p>","heading_color":"#383838","heading_highlighted_color":"#383838","body_color":"#302f2f","body_highlighted_color":"#302f2f"},"blocks":{}}},"block_order":["collapsible_content_row_iH4wzw","collapsible_content_row_YJHL6b","collapsible_content_row_xPdWkx","collapsible_content_row_LCebyx"]}},"block_order":["collapsible_content_list_NtGKhx"],"name":"FAQ's","settings":{"heading":"Frequently Asked Questions","subheading":"Find quick answers to the most common questions about our product.","show_index":true,"content_max_width_desktop":1100,"desktop_layout":"image_first","image_ratio":"adapt","heading_alignment":"center","heading_subheading_gap":7,"heading_subheading_gap_mobile":7,"font_size":35,"mob_font_size":25,"heading_color":"#383838","heading_highlighted_color":"#383838","heading_use_gradient":true,"heading_gradient_color":"","subheading_size":16,"subheading_mob_size":16,"subheading_color":"#383838","subheading_highlighted_color":"#383838","subheading_use_gradient":false,"subheading_gradient_color":"linear-gradient(180deg, rgba(229,45,135, 1), rgba(127, 72, 176, 1) 50%, rgba(48, 145, 211, 1) 100%)","color_scheme":"accent-1","padding_top_content":29,"padding_bottom_content":0,"padding_top":24,"padding_bottom":24}},"contact_form_3MgtG3":{"type":"contact-form","name":"t:sections.contact-form.presets.name","settings":{"heading":"Reach Out Any Time","contact_image":"shopify:\/\/shop_images\/a9207699030dd862e90df127ade066d9.jpg","image_height":"adapt","heading_alignment":"left","image_first_desktop":false,"image_first_mobile":false,"content_gap_desktop":35,"content_gap_mobile":14,"space_between_heading_and_form_desktop":20,"space_between_heading_and_form_mobile":14,"content_align_desktop":"flex-start","content_align_mobile":"flex-start","contact_image_width_desktop":500,"contact_image_border_radius":10,"heading_font_size":40,"heading_mob_font_size":28,"heading_color":"#000000","bolded_heading_color":"#000000","heading_use_gradient":true,"heading_gradient_color":"linear-gradient(180deg, rgba(229,45,135, 1), rgba(127, 72, 176, 1) 50%, rgba(48, 145, 211, 1) 100%)","color_scheme":"accent-1","input_background_color":"#f9f9f9","input_text_color":"#1d1a2d","placeholder_color":"#686868","input_border_radius":6,"input_border":false,"borders_color":"#000000","borders_opacity":10,"button_text":"Send Message","button_full_width":true,"button_font_size":12,"button_background_color":"#1d1a2d","button_text_color":"#ffffff","button_border_radius":6,"button_padding_horizontal":24,"button_padding_vertical":8,"padding_top":24,"padding_bottom":24}},"1764325725b0e73f78":{"type":"apps","blocks":{"judge_me_reviews_review_widget_r6yGqF":{"type":"shopify:\/\/apps\/judge-me-reviews\/blocks\/review_widget\/61ccd3b1-a9f2-4160-9fe9-4fec8413e5d8","settings":{"review_data":"sample_data","max_width":1200,"show_shop_reviews":false,"empty_state":"empty_widget"}}},"block_order":["judge_me_reviews_review_widget_r6yGqF"],"settings":{"include_margins":true}}},"order":["main","horizontal_scrolling_text_mgft6H","image_with_text_jxiKk3","1764325725b0e73f78","scrolling_images_UgXcTG","borders_3WVyHf","rich_text_rPfaL7","reasons_GqYHik","feature_icons_bDyMKj","borders_6ffEVj","comparison_table_jRgDad","testimonials_AiHw4G","key_features_7pxUnn","collapsible_content_qCMdgd","contact_form_3MgtG3"]}